experiment,feature_set,model,model_type,threshold_mode,k_best,pca_components,n_samples,n_features,effective_n_features,n_cv_fits,threshold_mean,threshold_std,accuracy_mean,accuracy_std,balanced_accuracy_mean,balanced_accuracy_std,roc_auc_mean,roc_auc_std,pr_auc_mean,pr_auc_std,f1_mean,f1_std,precision_mean,precision_std,recall_sensitivity_mean,recall_sensitivity_std,specificity_mean,specificity_std,pooled_threshold,pooled_accuracy,pooled_balanced_accuracy,pooled_roc_auc,pooled_pr_auc,pooled_f1,pooled_precision,pooled_recall_sensitivity,pooled_specificity,pooled_tp,pooled_fp,pooled_tn,pooled_fn
xgboost_raw_t0_only,t0_only,xgboost,raw,default_0.5,,,301,2000,2000,15,0.5,0.0,0.6942076502732241,0.03481439224158234,0.6390013495276654,0.0411413619190263,0.6926696110906635,0.050791745490999185,0.6036921474813213,0.06326800277426427,0.5061837433354461,0.06813507723640776,0.6168718699601051,0.060752819792099684,0.4333333333333333,0.0803377365171397,0.8446693657219971,0.037361970849589525,0.5,0.6943521594684385,0.6390052356020943,0.6889946586281664,0.5832597888914254,0.5088967971530249,0.6163793103448276,0.43333333333333335,0.8446771378708552,143,89,484,187
xgboost_raw_t0_only,t0_only,xgboost,raw,tuned_f1,,,301,2000,2000,15,0.37500000000000006,0.09774237273860005,0.6277231329690347,0.08971417326392588,0.6525518341307814,0.049016376606129924,0.6926696110906635,0.050791745490999185,0.6036921474813213,0.06326800277426427,0.5955794928229795,0.028410673323724284,0.5139240608953709,0.06762982904017333,0.7454545454545455,0.14146309191956302,0.5596491228070176,0.21463972815812737,0.4,0.6334440753045404,0.6398461050293511,0.6889946586281664,0.5832597888914254,0.5695708712613784,0.4988610478359909,0.6636363636363637,0.6160558464223386,219,220,353,111
xgboost_raw_t1_only,t1_only,xgboost,raw,default_0.5,,,301,2000,2000,15,0.5,0.0,0.6964845173041895,0.04764124696371427,0.6522839733366049,0.0541165013435145,0.7490573753731649,0.05016728465923526,0.6504509014588085,0.0657996287352912,0.5371749462605535,0.08319292695594972,0.6078487362310891,0.08367067514509059,0.4878787878787879,0.09938813202335425,0.816689158794422,0.054374689773773056,0.5,0.6965669988925803,0.6523163572901792,0.7418583743191073,0.6218856728772424,0.540268456375839,0.6052631578947368,0.48787878787878786,0.8167539267015707,161,105,468,169
xgboost_raw_t1_only,t1_only,xgboost,raw,tuned_f1,,,301,2000,2000,15,0.365,0.061091266619238284,0.6544262295081966,0.07180916889353493,0.698071811229706,0.0486493126828011,0.7490573753731649,0.05016728465923526,0.6504509014588085,0.0657996287352912,0.6479865713696575,0.039414521806342875,0.5275522476471243,0.06612883637320853,0.8606060606060606,0.09003912744291137,0.5355375618533512,0.14839340939252924,0.4,0.6589147286821705,0.6804775503728384,0.7418583743191073,0.6218856728772424,0.6197530864197531,0.5229166666666667,0.7606060606060606,0.6003490401396161,251,229,344,79
xgboost_raw_delta_only,delta_only,xgboost,raw,default_0.5,,,301,2000,2000,15,0.5,0.0,0.6102185792349727,0.054814607385432305,0.5508240297713982,0.05467614130342002,0.5783462151883205,0.08693732787395428,0.46883573479597723,0.07360097004406611,0.38132678799823716,0.08192032314364693,0.4606494585765012,0.10704772749096561,0.33030303030303027,0.07959954870644666,0.7713450292397662,0.07106463948691824,0.5,0.6101882613510521,0.5508408694272569,0.5735469882066742,0.4367966234231957,0.3824561403508772,0.45416666666666666,0.3303030303030303,0.7713787085514834,109,131,442,221
xgboost_raw_delta_only,delta_only,xgboost,raw,tuned_f1,,,301,2000,2000,15,0.26166666666666666,0.07432233529572066,0.47409836065573774,0.08625088163136015,0.5753977017134911,0.053837984486933194,0.5783462151883205,0.08693732787395428,0.46883573479597723,0.07360097004406611,0.5722704364545221,0.03038036900521037,0.41554639202628924,0.06211504732685806,0.9515151515151516,0.07959954870644666,0.19928025191183088,0.17693241224556036,0.275,0.43964562569213733,0.5398302395684594,0.5735469882066742,0.4367966234231957,0.5433212996389891,0.38688946015424164,0.9121212121212121,0.16753926701570682,301,477,96,29
xgboost_raw_t0_t1,t0_t1,xgboost,raw,default_0.5,,,301,4000,4000,15,0.5,0.0,0.7030783242258652,0.052062570032775715,0.649186193923036,0.05301660592031836,0.7382509303561935,0.05081448589869895,0.6508884493356146,0.057167262228921635,0.5242020225135131,0.0783384214696122,0.6422907209749315,0.11577470317364559,0.4484848484848484,0.0784792489937874,0.8498875393612235,0.06322281802859755,0.5,0.7032115171650055,0.6491987942249722,0.7361256544502617,0.6200027150768795,0.524822695035461,0.6324786324786325,0.4484848484848485,0.849912739965096,148,86,487,182
xgboost_raw_t0_t1,t0_t1,xgboost,raw,tuned_f1,,,301,4000,4000,15,0.40166666666666667,0.06973589633822196,0.6776684881602915,0.08306713646540986,0.6912975912975913,0.0480701059354356,0.7382509303561935,0.05081448589869895,0.6508884493356146,0.057167262228921635,0.6279540202906327,0.044654280593765104,0.5865441277716278,0.13747549499093434,0.7424242424242424,0.15993898876113566,0.6401709401709401,0.20675263208912087,0.35,0.6046511627906976,0.6582817705854355,0.7361256544502617,0.6200027150768795,0.6132177681473456,0.4772344013490725,0.8575757575757575,0.45898778359511344,283,310,263,47
xgboost_raw_t0_delta,t0_delta,xgboost,raw,default_0.5,,,301,4000,4000,15,0.5,0.0,0.6642987249544627,0.0410627217986577,0.5993456835562098,0.047246674447833314,0.6665235349445876,0.054360110818869635,0.5638580539980643,0.07693703160909268,0.4330898345607938,0.08796122587019269,0.5678228871804724,0.09275022868116153,0.3575757575757575,0.09389050536260406,0.8411156095366622,0.050274509415509455,0.5,0.6644518272425249,0.5993812470252261,0.6627796287482152,0.5464377526949491,0.437847866419295,0.5645933014354066,0.3575757575757576,0.8411867364746946,118,91,482,212
xgboost_raw_t0_delta,t0_delta,xgboost,raw,tuned_f1,,,301,4000,4000,15,0.3183333333333333,0.0942388050696335,0.5634061930783243,0.09371388209743212,0.6242730953257271,0.05656534110260336,0.6665235349445876,0.054360110818869635,0.5638580539980643,0.07693703160909268,0.5899424360695369,0.03144722831842483,0.46218533463158773,0.06059817168738133,0.8515151515151516,0.12325124638852251,0.3970310391363023,0.2083194180597876,0.3,0.49723145071982283,0.5768522925590989,0.6627796287482152,0.5464377526949491,0.5592233009708738,0.4114285714285714,0.8727272727272727,0.28097731239092494,288,412,161,42
xgboost_raw_t0_t1_delta,t0_t1_delta,xgboost,raw,default_0.5,,,301,6000,6000,15,0.5,0.0,0.6865209471766849,0.04364317078864271,0.62841778104936,0.043386512742586106,0.7137120189751769,0.05174579625125056,0.6202990616066356,0.07116610368054843,0.4890211448106186,0.06585476197347712,0.6179750750338985,0.11553892224864815,0.41212121212121205,0.07382824660023116,0.8447143499775078,0.06277369400855558,0.5,0.6866002214839424,0.6283991749960336,0.7133745835316516,0.5895141728020667,0.4900900900900901,0.6044444444444445,0.4121212121212121,0.8446771378708552,136,89,484,194
xgboost_raw_t0_t1_delta,t0_t1_delta,xgboost,raw,tuned_f1,,,301,6000,6000,15,0.3733333333333333,0.06844358121492337,0.6266120218579235,0.09892887093837882,0.6624974440763914,0.058739970912570695,0.7137120189751769,0.05174579625125056,0.6202990616066356,0.07116610368054843,0.6126847364828699,0.03717910467400518,0.5155551384075888,0.07993072390812382,0.7969696969696969,0.13069005244150197,0.5280251911830859,0.22091245957215186,0.4,0.64562569213732,0.6565127716960177,0.7133745835316516,0.5895141728020667,0.5897435897435898,0.5111111111111111,0.696969696969697,0.6160558464223386,230,220,353,100
xgboost_select50_t0_only,t0_only,xgboost,selectk,default_0.5,50.0,,301,2000,50,15,0.5,0.0,0.6157012750455373,0.057830340842053816,0.5764425632846686,0.052432095052718224,0.6134482476587739,0.050027286183140625,0.5203512599099577,0.05075279477506557,0.4499017538611059,0.06498812181421001,0.4823060006919656,0.08992898092845407,0.43030303030303024,0.07462354689032095,0.7225820962663068,0.08870546001097435,0.5,0.6157253599114064,0.576408059654133,0.6148183404727907,0.5045187580399687,0.4500792393026941,0.4717607973421927,0.4303030303030303,0.7225130890052356,142,159,414,188
xgboost_select50_t0_only,t0_only,xgboost,selectk,tuned_f1,50.0,,301,2000,50,15,0.24833333333333338,0.1211797169889574,0.5179781420765027,0.1159687766651009,0.5928638612849139,0.0654350349064006,0.6134482476587739,0.050027286183140625,0.5203512599099577,0.05075279477506557,0.5734169705123178,0.02938649852780391,0.442343986562027,0.07693612880924569,0.8727272727272728,0.13872415785170478,0.3130004498425551,0.2583358522975236,0.2,0.42857142857142855,0.5330318895763922,0.6148183404727907,0.5045187580399687,0.5409252669039146,0.38287153652392947,0.9212121212121213,0.14485165794066318,304,490,83,26
xgboost_select100_t0_only,t0_only,xgboost,selectk,default_0.5,100.0,,301,2000,100,15,0.5,0.0,0.65224043715847,0.041721205396148625,0.6046395125342495,0.04796556607109243,0.6566147302989408,0.049955114701111504,0.5719298910201619,0.04641327852472989,0.46979679829940346,0.08330994194453534,0.5298090227700538,0.08792300205058952,0.4272727272727272,0.09219864597038362,0.7820062977957715,0.05040539812497624,0.5,0.6522702104097453,0.6045613200063462,0.6520387117245755,0.5480158480471675,0.47315436241610737,0.5300751879699248,0.42727272727272725,0.7818499127399651,141,125,448,189
xgboost_select100_t0_only,t0_only,xgboost,selectk,tuned_f1,100.0,,301,2000,100,15,0.29166666666666663,0.10336597026838092,0.553752276867031,0.11739686999961664,0.6130004498425552,0.06977237946825497,0.6566147302989408,0.049955114701111504,0.5719298910201619,0.04641327852472989,0.5812661434125524,0.04120392405432619,0.46018168818961125,0.0725609563276443,0.8333333333333334,0.13921972927174028,0.39266756635177685,0.2552303153728458,0.25,0.4739756367663344,0.5610978898937015,0.6520387117245755,0.5480158480471675,0.5514636449480642,0.40054869684499317,0.8848484848484849,0.23734729493891799,292,437,136,38
xgboost_select200_t0_only,t0_only,xgboost,selectk,default_0.5,200.0,,301,2000,200,15,0.5,0.0,0.6610746812386155,0.04251897216658996,0.6109966057334478,0.04650407791745539,0.6787510734879156,0.05922466717753927,0.601128288736518,0.062392128279243786,0.4749230222914433,0.07619519751013591,0.5493480557206047,0.08092702827956869,0.4242424242424242,0.09036634521709135,0.7977507872244713,0.05864374131487788,0.5,0.6611295681063123,0.6108995716325559,0.6749643027129938,0.5781546088865447,0.4778156996587031,0.546875,0.42424242424242425,0.7975567190226877,140,116,457,190
xgboost_select200_t0_only,t0_only,xgboost,selectk,tuned_f1,200.0,,301,2000,200,15,0.28666666666666657,0.11834674638938064,0.5547176684881603,0.11690908359015664,0.6194393325972275,0.07387001834641611,0.6787510734879156,0.05922466717753927,0.601128288736518,0.062392128279243786,0.5906419257218646,0.04363149613305885,0.46274109514675554,0.07897778123963156,0.8606060606060607,0.1171113692430496,0.378272604588394,0.24155465455209285,0.35,0.583610188261351,0.619855624305886,0.6749643027129938,0.5781546088865447,0.5697940503432495,0.4577205882352941,0.7545454545454545,0.4851657940663176,249,295,278,81
xgboost_select500_t0_only,t0_only,xgboost,selectk,default_0.5,500.0,,301,2000,500,15,0.5,0.0,0.6776502732240438,0.03870606296572389,0.6239970555760029,0.04107793525346539,0.7031182268024375,0.047044908409569916,0.6048909899898484,0.07491522978704217,0.48661604217124116,0.07005264531454931,0.5899725960538317,0.07933878933601358,0.4242424242424242,0.09198497558820683,0.8237516869095816,0.06590674840560631,0.5,0.6777408637873754,0.623988576868158,0.6945475699402401,0.5706574179699491,0.4903677758318739,0.5809128630705395,0.42424242424242425,0.8237347294938918,140,101,472,190
xgboost_select500_t0_only,t0_only,xgboost,selectk,tuned_f1,500.0,,301,2000,500,15,0.35833333333333334,0.08327378825010792,0.633351548269581,0.09214721192412592,0.6640678035414876,0.055767232160639606,0.7031182268024375,0.047044908409569916,0.6048909899898484,0.07491522978704217,0.6120943291470533,0.035385649812659896,0.5188557038967146,0.0801359175714204,0.7787878787878788,0.10710677603149799,0.5493477282950966,0.19885850072321648,0.3,0.5359911406423035,0.6048231001110582,0.6945475699402401,0.5706574179699491,0.5754812563323202,0.4322678843226788,0.8606060606060606,0.34904013961605584,284,373,200,46
xgboost_select50_t1_only,t1_only,xgboost,selectk,default_0.5,50.0,,301,2000,50,15,0.5,0.0,0.6234790528233152,0.057957039125079844,0.5889400073610601,0.05872323264168426,0.6391690181163864,0.06000485490658493,0.5324518153711926,0.08264323182042771,0.47081616951492916,0.07919522396299362,0.4872819646315406,0.08095400194040497,0.4606060606060606,0.08905026018513225,0.7172739541160594,0.07356915308494257,0.5,0.6234772978959026,0.5889417737585277,0.6343910307261093,0.48952315766632004,0.4720496894409938,0.4840764331210191,0.46060606060606063,0.7172774869109948,152,162,411,178
xgboost_select50_t1_only,t1_only,xgboost,selectk,tuned_f1,50.0,,301,2000,50,15,0.2966666666666667,0.12132698832179958,0.5526047358834244,0.11141545215774262,0.6134216660532451,0.06237229084938298,0.6391690181163864,0.06000485490658493,0.5324518153711926,0.08264323182042771,0.5822698338889905,0.028980417329441024,0.46231655058850657,0.07844000182704554,0.8393939393939395,0.13513151871949208,0.3874493927125507,0.24914052402943204,0.3,0.5249169435215947,0.584531175630652,0.6343910307261093,0.48952315766632004,0.5535900104058272,0.4215530903328051,0.806060606060606,0.36300174520069806,266,365,208,64
xgboost_select100_t1_only,t1_only,xgboost,selectk,default_0.5,100.0,,301,2000,100,15,0.5,0.0,0.6510200364298726,0.044651920251021396,0.6164989980779456,0.04784659597322321,0.6843045843045842,0.05662382712430562,0.5560996797555728,0.07125874546700331,0.5027620840930136,0.0666089884285861,0.5275410288897971,0.06103624651514623,0.48787878787878775,0.09482891241012027,0.7451192082771029,0.06567900473496242,0.5,0.6511627906976745,0.6165397429795335,0.6814374107567825,0.5131724282335133,0.5054945054945055,0.5244299674267101,0.48787878787878786,0.7452006980802792,161,146,427,169
xgboost_select100_t1_only,t1_only,xgboost,selectk,tuned_f1,100.0,,301,2000,100,15,0.3366666666666667,0.10516427059378965,0.6066302367941712,0.09278196282227928,0.6570727518095939,0.05897860791801491,0.6843045843045842,0.05662382712430562,0.5560996797555728,0.07125874546700331,0.6142107774574541,0.03751634184460497,0.4927292989667681,0.06580825968502942,0.8454545454545453,0.11370128015901708,0.46869095816464246,0.19825393439476321,0.35,0.5791805094130675,0.6253609392352848,0.6814374107567825,0.5131724282335133,0.5805739514348786,0.4565972222222222,0.796969696969697,0.4537521815008726,263,313,260,67
xgboost_select200_t1_only,t1_only,xgboost,selectk,default_0.5,200.0,,301,2000,200,15,0.5,0.0,0.6721857923497266,0.035776435432058155,0.6299758720811351,0.03499748679728389,0.7040424487792908,0.04189613974051242,0.5800695877286274,0.06538233226024034,0.5108139186919948,0.05793547297028484,0.5684281531672836,0.06850067867180785,0.4727272727272726,0.08021517696977797,0.7872244714349977,0.06690556060248837,0.5,0.6722037652270211,0.6299063937807393,0.7031942461261833,0.5537255252070784,0.5131578947368421,0.5611510791366906,0.4727272727272727,0.787085514834206,156,122,451,174
xgboost_select200_t1_only,t1_only,xgboost,selectk,tuned_f1,200.0,,301,2000,200,15,0.3516666666666667,0.05627314338711376,0.6301457194899818,0.05947017287109983,0.676424160634687,0.04133748963617772,0.7040424487792908,0.04189613974051242,0.5800695877286274,0.06538233226024034,0.6275474609655655,0.03234667802102314,0.5034012373538187,0.04986332918006326,0.8484848484848483,0.08532642140444599,0.5043634727845254,0.12513909779699395,0.4,0.6423034330011074,0.6596779311438997,0.7031942461261833,0.5537255252070784,0.5967540574282147,0.5074309978768577,0.7242424242424242,0.5951134380453752,239,232,341,91
xgboost_select500_t1_only,t1_only,xgboost,selectk,default_0.5,500.0,,301,2000,500,15,0.5,0.0,0.7009471766848816,0.048164421312692995,0.6571136465873308,0.05543278688232377,0.7409295382979594,0.05310891365685705,0.634100155869936,0.07512507634329021,0.5432559660702655,0.08403706287232693,0.6158121946653378,0.07844626128219796,0.49393939393939384,0.10571992284235263,0.8202878992352677,0.05759296178404025,0.5,0.7009966777408638,0.6570918610185627,0.7364165212332752,0.6034075512950369,0.5469798657718121,0.6127819548872181,0.49393939393939396,0.8202443280977313,163,103,470,167
xgboost_select500_t1_only,t1_only,xgboost,selectk,tuned_f1,500.0,,301,2000,500,15,0.37999999999999995,0.0780338754278276,0.6710746812386156,0.08631797411571904,0.7054206027890239,0.05433422242681712,0.7409295382979594,0.05310891365685705,0.634100155869936,0.07512507634329021,0.6534028618011899,0.04155217736362056,0.5540794335735019,0.09372311775422568,0.8333333333333334,0.10683084570781874,0.5775078722447144,0.18535029711174444,0.35,0.6190476190476191,0.6715532286212915,0.7364165212332752,0.6034075512950369,0.6244541484716157,0.4880546075085324,0.8666666666666667,0.47643979057591623,286,300,273,44
xgboost_pca10_t0_only,t0_only,xgboost,pca,default_0.5,,10.0,301,2000,10,15,0.5,0.0,0.6934608378870674,0.060150921168405286,0.6543205332679017,0.06544659696877293,0.7086737823579928,0.0647983940751811,0.6391323201721516,0.08029878197966474,0.546209116116272,0.09264419434481566,0.59789542758583,0.09798531999265822,0.5090909090909091,0.10478515716334705,0.7995501574448942,0.06741054560700104,0.5,0.6932447397563677,0.6541964144058385,0.7037971336400657,0.6232814221729125,0.5481239804241436,0.5936395759717314,0.509090909090909,0.7993019197207679,168,115,458,162
xgboost_pca10_t0_only,t0_only,xgboost,pca,tuned_f1,,10.0,301,2000,10,15,0.39,0.08904252595569957,0.6592531876138434,0.10773320245682301,0.6790414264098474,0.07294330528516929,0.7086737823579928,0.0647983940751811,0.6391323201721516,0.08029878197966474,0.6233371769956574,0.0663079259677736,0.5547066925287513,0.11740798928967305,0.7515151515151517,0.1188625085823018,0.6065677013045435,0.21689215057156513,0.35,0.5891472868217055,0.628073933047755,0.7037971336400657,0.6232814221729125,0.5788876276958003,0.4627949183303085,0.7727272727272727,0.48342059336823734,255,296,277,75
xgboost_pca20_t0_only,t0_only,xgboost,pca,default_0.5,,20.0,301,2000,20,15,0.5,0.0,0.7541712204007287,0.03136938178285975,0.7151678730626099,0.03606005829865364,0.7879053694843168,0.046766851996750784,0.7299801864803174,0.06131929719170802,0.6264440567441061,0.05567456830924489,0.7104520898960482,0.07261892286431024,0.5696969696969697,0.08905026018513224,0.8606387764282502,0.05736278803133702,0.5,0.7541528239202658,0.7150404569252737,0.7836004019250093,0.7122554947846497,0.6287625418060201,0.7014925373134329,0.5696969696969697,0.8603839441535777,188,80,493,142
xgboost_pca20_t0_only,t0_only,xgboost,pca,tuned_f1,,20.0,301,2000,20,15,0.41333333333333333,0.061139964328540776,0.7410018214936248,0.05551084485053234,0.7466261808367071,0.038714390162842366,0.7879053694843168,0.046766851996750784,0.7299801864803174,0.06131929719170802,0.6850123688232771,0.04323585174546465,0.6334871481968986,0.08111159382595091,0.7666666666666667,0.10289015168448358,0.7265856950067475,0.1255509454579278,0.45,0.743078626799557,0.7268760907504364,0.7836004019250093,0.7122554947846497,0.6547619047619048,0.6432748538011696,0.6666666666666666,0.787085514834206,220,122,451,110
xgboost_pca50_t0_only,t0_only,xgboost,pca,default_0.5,,50.0,301,2000,50,15,0.5,0.0,0.7508743169398907,0.04187951292207434,0.7138571954361429,0.040510448632437177,0.7915470494417864,0.03958926403955987,0.7444768358636004,0.047135795513361056,0.6275970187207778,0.057048428482001985,0.7045701562334957,0.09825226313411368,0.5757575757575758,0.08357893755977414,0.8519568151147099,0.07340930788513624,0.5,0.7508305647840532,0.713707758210376,0.7869638796340367,0.7225307242247028,0.628099173553719,0.6909090909090909,0.5757575757575758,0.8516579406631762,190,85,488,140
xgboost_pca50_t0_only,t0_only,xgboost,pca,tuned_f1,,50.0,301,2000,50,15,0.4133333333333334,0.051639777949432225,0.7443169398907103,0.057362661294070735,0.7480043348464404,0.04415380747146913,0.7915470494417864,0.03958926403955987,0.7444768358636004,0.047135795513361056,0.6863653863349413,0.048215814014361515,0.6414460282958772,0.09619880033000686,0.7606060606060605,0.09938813202335427,0.7354026090868194,0.1193113810495379,0.45,0.7452934662236987,0.7305489449468507,0.7869638796340367,0.7225307242247028,0.6597633136094675,0.6445086705202312,0.6757575757575758,0.7853403141361257,223,123,450,107
xgboost_pca10_t1_only,t1_only,xgboost,pca,default_0.5,,10.0,301,2000,10,15,0.5,0.0,0.6975956284153005,0.03896679564356309,0.6710689894900422,0.04720614500473359,0.7312926839242627,0.04152337733926297,0.6337544612214765,0.05248233493634294,0.577786374805586,0.067507212104155,0.5889583715201788,0.05567474694802368,0.5727272727272728,0.09839323077857562,0.7694107062528116,0.04765125939658713,0.5,0.6976744186046512,0.6711803902903379,0.7294145644930985,0.609298207372024,0.5806451612903226,0.5887850467289719,0.5727272727272728,0.7696335078534031,189,132,441,141
xgboost_pca10_t1_only,t1_only,xgboost,pca,tuned_f1,,10.0,301,2000,10,15,0.385,0.06930780207575067,0.6512021857923497,0.06833736985082423,0.6893080603606919,0.04718535049387866,0.7312926839242627,0.04152337733926297,0.6337544612214765,0.05248233493634294,0.6364201826680654,0.03656022596269853,0.5251408042129414,0.06254077228540487,0.8303030303030302,0.1023148061583887,0.5483130904183536,0.14622322862464426,0.4,0.6478405315614618,0.6749643027129938,0.7294145644930985,0.609298207372024,0.6168674698795181,0.512,0.7757575757575758,0.5741710296684118,256,244,329,74
xgboost_pca20_t1_only,t1_only,xgboost,pca,default_0.5,,20.0,301,2000,20,15,0.5,0.0,0.7441894353369762,0.04392920546939168,0.7142232036968877,0.04948666337437303,0.7989101541733121,0.05236369681188194,0.7446324461545939,0.07120720499726722,0.630655661909207,0.06806146805920746,0.6705761249414499,0.07212426291189014,0.603030303030303,0.0963726206707836,0.8254161043634728,0.0578205319254879,0.5,0.7441860465116279,0.7142551166111375,0.7961235390554762,0.7293537523125148,0.6327503974562798,0.6655518394648829,0.603030303030303,0.8254799301919721,199,100,473,131
xgboost_pca20_t1_only,t1_only,xgboost,pca,tuned_f1,,20.0,301,2000,20,15,0.4333333333333334,0.05232681184722836,0.7509107468123861,0.04654002778538526,0.7530200793358689,0.04047378191077862,0.7989101541733121,0.05236369681188194,0.7446324461545939,0.07120720499726722,0.6911631086095648,0.04555154567495641,0.6410343407247764,0.0693401844689132,0.7606060606060605,0.07772341196963432,0.745434098065677,0.08504834068111401,0.4,0.717607973421927,0.7292955735364113,0.7961235390554762,0.7293537523125148,0.6666666666666666,0.5862068965517241,0.7727272727272727,0.6858638743455497,255,180,393,75
xgboost_pca50_t1_only,t1_only,xgboost,pca,default_0.5,,50.0,301,2000,50,15,0.5,0.0,0.7497085610200364,0.04389556961126254,0.7115241483662536,0.05056704833984218,0.7932339590234326,0.04262556894432829,0.7280443488896448,0.05631872936094311,0.6224282380341132,0.07291052125253399,0.6945314243396085,0.07843285560676079,0.5696969696969698,0.09230529568327432,0.8533513270355375,0.0475078556023563,0.5,0.7497231450719822,0.7115500555291131,0.7936115077476333,0.721104950204657,0.6245847176079734,0.6911764705882353,0.5696969696969697,0.8534031413612565,188,84,489,142
xgboost_pca50_t1_only,t1_only,xgboost,pca,tuned_f1,,50.0,301,2000,50,15,0.4066666666666667,0.08423323628614834,0.7363023679417123,0.0893538626183383,0.74838670101828,0.058566486400112874,0.7932339590234326,0.04262556894432829,0.7280443488896448,0.05631872936094311,0.6935593773881547,0.052061946263731035,0.635473185994949,0.10584353273665553,0.7939393939393941,0.0984931731413432,0.7028340080971662,0.1843760180489657,0.45,0.7475083056478405,0.7355069014754878,0.7936115077476333,0.721104950204657,0.6666666666666666,0.6440677966101694,0.6909090909090909,0.7801047120418848,228,126,447,102
