cpg_id,original_index,CHR,MAPINFO,chr_order,genome_rank,chromosome_label,chromosome_block,within_chromosome_rank
cg12663811,1,1,901685.0,1.0,0,1,1,1
cg05528516,2,1,1070040.0,1.0,1,1,1,2
cg08641866,3,1,1141790.0,1.0,2,1,1,3
cg13897675,4,1,1374310.0,1.0,3,1,1,4
cg12909536,5,1,1408104.0,1.0,4,1,1,5
cg07835437,6,1,1470836.0,1.0,5,1,1,6
cg15825127,7,1,1957073.0,1.0,6,1,1,7
cg26610624,8,1,1981268.0,1.0,7,1,1,8
cg21137823,9,1,1981270.0,1.0,8,1,1,9
cg20103201,10,1,2458021.0,1.0,9,1,1,10
cg22949832,11,1,3047342.0,1.0,10,1,1,11
cg12133393,12,1,3816695.0,1.0,11,1,1,12
cg04292104,13,1,4816720.0,1.0,12,1,1,13
cg06954199,14,1,5893907.0,1.0,13,1,1,14
cg02460223,15,1,8398664.0,1.0,14,1,1,15
cg14164492,16,1,9439003.0,1.0,15,1,1,16
cg02504229,17,1,9555380.0,1.0,16,1,1,17
cg04162034,18,1,9710821.0,1.0,17,1,1,18
cg20994801,19,1,9711398.0,1.0,18,1,1,19
cg17243540,21,1,12018611.0,1.0,19,1,1,20
cg20463261,22,1,12073445.0,1.0,20,1,1,21
cg04145937,24,1,14504113.0,1.0,21,1,1,22
cg06536159,26,1,15631449.0,1.0,22,1,1,23
cg18219212,28,1,16162653.0,1.0,23,1,1,24
cg02287573,29,1,16544088.0,1.0,24,1,1,25
cg09821328,31,1,18152144.0,1.0,25,1,1,26
cg15673188,32,1,18689063.0,1.0,26,1,1,27
cg03517918,33,1,19946398.0,1.0,27,1,1,28
cg12271781,34,1,20126180.0,1.0,28,1,1,29
cg17975245,35,1,20959890.0,1.0,29,1,1,30
cg11953164,38,1,23521307.0,1.0,30,1,1,31
cg24792360,39,1,24195143.0,1.0,31,1,1,32
cg08757148,40,1,24513722.0,1.0,32,1,1,33
cg11329235,42,1,24969260.0,1.0,33,1,1,34
cg21268256,43,1,25509521.0,1.0,34,1,1,35
cg21826606,44,1,25593055.0,1.0,35,1,1,36
cg24991732,45,1,25594486.0,1.0,36,1,1,37
cg10649647,49,1,27719310.0,1.0,37,1,1,38
cg19869139,50,1,29138077.0,1.0,38,1,1,39
cg03459646,51,1,29557674.0,1.0,39,1,1,40
cg21682382,54,1,32538052.0,1.0,40,1,1,41
cg22350438,55,1,33150185.0,1.0,41,1,1,42
cg17434472,56,1,35496883.0,1.0,42,1,1,43
cg22690046,57,1,36863663.0,1.0,43,1,1,44
cg15601529,59,1,38223969.0,1.0,44,1,1,45
cg01921777,62,1,40839564.0,1.0,45,1,1,46
cg14498674,63,1,41707653.0,1.0,46,1,1,47
cg25047378,64,1,44412582.0,1.0,47,1,1,48
cg08947153,67,1,46664340.0,1.0,48,1,1,49
cg16634661,68,1,46954794.0,1.0,49,1,1,50
cg23219046,72,1,54142810.0,1.0,50,1,1,51
cg20569588,75,1,55267285.0,1.0,51,1,1,52
cg26196860,77,1,59745563.0,1.0,52,1,1,53
cg01051545,79,1,61508955.0,1.0,53,1,1,54
cg26880963,81,1,65209468.0,1.0,54,1,1,55
cg05780006,82,1,65524084.0,1.0,55,1,1,56
cg12046882,83,1,66824988.0,1.0,56,1,1,57
cg20594809,84,1,75594531.0,1.0,57,1,1,58
cg25846022,85,1,78444909.0,1.0,58,1,1,59
cg06121193,89,1,90282411.0,1.0,59,1,1,60
cg22501793,90,1,91173232.0,1.0,60,1,1,61
cg23845507,92,1,91966731.0,1.0,61,1,1,62
cg13639937,93,1,92012655.0,1.0,62,1,1,63
cg04720380,94,1,93297552.0,1.0,63,1,1,64
cg07354738,97,1,101491561.0,1.0,64,1,1,65
cg10536901,99,1,108735312.0,1.0,65,1,1,66
cg08942192,100,1,108735334.0,1.0,66,1,1,67
cg17107246,103,1,108735549.0,1.0,67,1,1,68
cg24939845,108,1,110627473.0,1.0,68,1,1,69
cg20302133,111,1,111217194.0,1.0,69,1,1,70
cg24874173,115,1,145385677.0,1.0,70,1,1,71
cg13947666,116,1,145473295.0,1.0,71,1,1,72
cg00102955,117,1,150230345.0,1.0,72,1,1,73
cg24425838,118,1,151812435.0,1.0,73,1,1,74
cg13396821,120,1,154812952.0,1.0,74,1,1,75
cg12719510,121,1,155024394.0,1.0,75,1,1,76
cg11218974,122,1,156023978.0,1.0,76,1,1,77
cg08474603,124,1,159684431.0,1.0,77,1,1,78
cg15580417,125,1,160053947.0,1.0,78,1,1,79
cg07813643,126,1,160159225.0,1.0,79,1,1,80
cg00149213,127,1,160617124.0,1.0,80,1,1,81
cg17245754,128,1,163389844.0,1.0,81,1,1,82
cg01809639,129,1,167602860.0,1.0,82,1,1,83
cg12667031,130,1,169878852.0,1.0,83,1,1,84
cg18161025,131,1,177144293.0,1.0,84,1,1,85
cg16898334,132,1,181767774.0,1.0,85,1,1,86
cg18611847,134,1,182573759.0,1.0,86,1,1,87
cg26539023,138,1,201369031.0,1.0,87,1,1,88
cg05930496,139,1,201646107.0,1.0,88,1,1,89
cg07134622,140,1,201729331.0,1.0,89,1,1,90
cg09889216,142,1,202777618.0,1.0,90,1,1,91
cg07232945,143,1,203096570.0,1.0,91,1,1,92
cg25623721,145,1,204120947.0,1.0,92,1,1,93
cg20270863,148,1,210407484.0,1.0,93,1,1,94
cg17750334,149,1,214776613.0,1.0,94,1,1,95
cg24346507,150,1,217114101.0,1.0,95,1,1,96
cg05367960,152,1,220445206.0,1.0,96,1,1,97
cg21680222,153,1,220445787.0,1.0,97,1,1,98
cg14231871,154,1,220702321.0,1.0,98,1,1,99
cg20386818,155,1,220836705.0,1.0,99,1,1,100
cg26000554,156,1,220921614.0,1.0,100,1,1,101
cg24666355,158,1,222923875.0,1.0,101,1,1,102
cg13397345,159,1,228111975.0,1.0,102,1,1,103
cg00213004,160,1,228593622.0,1.0,103,1,1,104
cg13799227,161,1,228652581.0,1.0,104,1,1,105
cg17016830,162,1,228782809.0,1.0,105,1,1,106
cg18022279,164,1,231473268.0,1.0,106,1,1,107
cg19712123,165,1,232940329.0,1.0,107,1,1,108
cg04158884,166,1,233086346.0,1.0,108,1,1,109
cg23012855,167,1,235111328.0,1.0,109,1,1,110
cg00081729,168,1,240656737.0,1.0,110,1,1,111
cg01787565,170,1,245318209.0,1.0,111,1,1,112
cg11901695,175,2,1291450.0,2.0,112,2,2,1
cg17494408,176,2,1500368.0,2.0,113,2,2,2
cg00027081,179,2,3325158.0,2.0,114,2,2,3
cg07545140,180,2,3468531.0,2.0,115,2,2,4
cg01144053,182,2,7571361.0,2.0,116,2,2,5
cg14973360,183,2,9800511.0,2.0,117,2,2,6
cg03257743,187,2,11123616.0,2.0,118,2,2,7
cg12680106,189,2,11397475.0,2.0,119,2,2,8
cg25420747,192,2,18112176.0,2.0,120,2,2,9
cg00060627,193,2,18112721.0,2.0,121,2,2,10
cg02156767,194,2,20442210.0,2.0,122,2,2,11
cg17933838,196,2,24149877.0,2.0,123,2,2,12
cg18740718,197,2,24346220.0,2.0,124,2,2,13
cg22900229,199,2,25391773.0,2.0,125,2,2,14
cg17995197,200,2,26408167.0,2.0,126,2,2,15
cg19635810,202,2,26987197.0,2.0,127,2,2,16
cg26143752,204,2,27806326.0,2.0,128,2,2,17
cg27447296,205,2,27994265.0,2.0,129,2,2,18
cg23361659,206,2,28914775.0,2.0,130,2,2,19
cg02678688,207,2,29093594.0,2.0,131,2,2,20
cg25080256,209,2,31215798.0,2.0,132,2,2,21
cg15756055,212,2,39645955.0,2.0,133,2,2,22
cg06226256,213,2,42068648.0,2.0,134,2,2,23
cg18192610,215,2,44741623.0,2.0,135,2,2,24
cg06168026,216,2,45162196.0,2.0,136,2,2,25
cg19186145,217,2,45169562.0,2.0,137,2,2,26
cg26391832,218,2,45237929.0,2.0,138,2,2,27
cg17590135,219,2,48647546.0,2.0,139,2,2,28
cg14059729,220,2,48667654.0,2.0,140,2,2,29
cg22324022,221,2,51259703.0,2.0,141,2,2,30
cg02271560,224,2,55450737.0,2.0,142,2,2,31
cg16878059,225,2,68692224.0,2.0,143,2,2,32
cg07052880,227,2,71161697.0,2.0,144,2,2,33
cg01017244,228,2,74357527.0,2.0,145,2,2,34
cg15717656,229,2,74709666.0,2.0,146,2,2,35
cg02845591,230,2,74730523.0,2.0,147,2,2,36
cg01656789,231,2,74803718.0,2.0,148,2,2,37
cg02301651,232,2,85581802.0,2.0,149,2,2,38
cg20944303,233,2,85788999.0,2.0,150,2,2,39
cg05487424,236,2,88991089.0,2.0,151,2,2,40
cg10067737,237,2,89159188.0,2.0,152,2,2,41
cg03856178,238,2,97202314.0,2.0,153,2,2,42
cg14228484,239,2,97427445.0,2.0,154,2,2,43
cg19255191,240,2,98262923.0,2.0,155,2,2,44
cg10313151,243,2,106882254.0,2.0,156,2,2,45
cg26585007,245,2,112655072.0,2.0,157,2,2,46
cg07771321,248,2,125368595.0,2.0,158,2,2,47
cg22009500,249,2,127729962.0,2.0,159,2,2,48
cg00939727,251,2,134935506.0,2.0,160,2,2,49
cg07508773,257,2,160143020.0,2.0,161,2,2,50
cg07363270,260,2,171569282.0,2.0,162,2,2,51
cg04863950,262,2,172379709.0,2.0,163,2,2,52
cg03978860,265,2,173936880.0,2.0,164,2,2,53
cg27452943,266,2,174281033.0,2.0,165,2,2,54
cg25849196,267,2,175198280.0,2.0,166,2,2,55
cg00928397,268,2,175198952.0,2.0,167,2,2,56
cg25371634,269,2,176981422.0,2.0,168,2,2,57
cg02164574,270,2,176985592.0,2.0,169,2,2,58
cg02952635,271,2,178741216.0,2.0,170,2,2,59
cg25207147,273,2,178973079.0,2.0,171,2,2,60
cg12501949,274,2,179750458.0,2.0,172,2,2,61
cg09997497,275,2,183902928.0,2.0,173,2,2,62
cg20391764,277,2,192110565.0,2.0,174,2,2,63
cg10547527,278,2,198650123.0,2.0,175,2,2,64
cg08404560,279,2,201390889.0,2.0,176,2,2,65
cg01747077,281,2,211035257.0,2.0,177,2,2,66
cg07181395,283,2,218655229.0,2.0,178,2,2,67
cg04218124,285,2,219284345.0,2.0,179,2,2,68
cg26104932,287,2,219647360.0,2.0,180,2,2,69
cg21586955,288,2,220042941.0,2.0,181,2,2,70
cg20402664,289,2,220379833.0,2.0,182,2,2,71
cg16507172,290,2,220416148.0,2.0,183,2,2,72
cg21665557,291,2,220427342.0,2.0,184,2,2,73
cg05495011,292,2,224477964.0,2.0,185,2,2,74
cg17075808,293,2,225774214.0,2.0,186,2,2,75
cg16640096,295,2,228029790.0,2.0,187,2,2,76
cg08802203,299,2,233415465.0,2.0,188,2,2,77
cg06143658,302,2,233878015.0,2.0,189,2,2,78
cg03146452,303,2,234777078.0,2.0,190,2,2,79
cg01078197,304,2,234777085.0,2.0,191,2,2,80
cg13539030,305,2,235405968.0,2.0,192,2,2,81
cg21357361,306,2,236578247.0,2.0,193,2,2,82
cg00573606,307,2,238322680.0,2.0,194,2,2,83
cg10980911,308,2,239509139.0,2.0,195,2,2,84
cg18959169,311,2,240239988.0,2.0,196,2,2,85
cg16235062,312,2,241374719.0,2.0,197,2,2,86
cg19321126,313,2,242211919.0,2.0,198,2,2,87
cg23881902,314,2,242212470.0,2.0,199,2,2,88
cg22843684,316,3,10806114.0,3.0,200,3,3,1
cg06457736,317,3,11178683.0,3.0,201,3,3,2
cg27574595,320,3,25583274.0,3.0,202,3,3,3
cg23030339,321,3,31703127.0,3.0,203,3,3,4
cg05073904,322,3,31975169.0,3.0,204,3,3,5
cg15840985,323,3,32023475.0,3.0,205,3,3,6
cg26615813,324,3,36422209.0,3.0,206,3,3,7
cg22884020,325,3,38081186.0,3.0,207,3,3,8
cg14623735,327,3,42265667.0,3.0,208,3,3,9
cg17060263,328,3,42453125.0,3.0,209,3,3,10
cg13702846,329,3,42888883.0,3.0,210,3,3,11
cg15088777,330,3,43147571.0,3.0,211,3,3,12
cg22309949,331,3,46792192.0,3.0,212,3,3,13
cg23231268,332,3,46792462.0,3.0,213,3,3,14
cg21792155,333,3,46940347.0,3.0,214,3,3,15
cg11733272,334,3,46940439.0,3.0,215,3,3,16
cg04507495,335,3,47563649.0,3.0,216,3,3,17
cg13432286,337,3,49027002.0,3.0,217,3,3,18
cg15485556,338,3,49066777.0,3.0,218,3,3,19
cg11839681,339,3,49940919.0,3.0,219,3,3,20
cg19152024,340,3,50374954.0,3.0,220,3,3,21
cg08443345,341,3,52232454.0,3.0,221,3,3,22
cg09244635,343,3,57529873.0,3.0,222,3,3,23
cg00036369,348,3,63988378.0,3.0,223,3,3,24
cg19630681,350,3,64429607.0,3.0,224,3,3,25
cg03024619,352,3,71803308.0,3.0,225,3,3,26
cg24998020,354,3,98311910.0,3.0,226,3,3,27
cg21855281,355,3,99817572.0,3.0,227,3,3,28
cg15102593,356,3,100120429.0,3.0,228,3,3,29
cg27318481,357,3,100970896.0,3.0,229,3,3,30
cg20382831,359,3,109128982.0,3.0,230,3,3,31
cg02858625,360,3,112935090.0,3.0,231,3,3,32
cg18753928,361,3,113234510.0,3.0,232,3,3,33
cg22367727,362,3,114102609.0,3.0,233,3,3,34
cg08104999,364,3,118906821.0,3.0,234,3,3,35
cg12173586,368,3,120194768.0,3.0,235,3,3,36
cg08122652,369,3,122281939.0,3.0,236,3,3,37
cg22896480,370,3,122379438.0,3.0,237,3,3,38
cg14567877,371,3,123071300.0,3.0,238,3,3,39
cg01296199,372,3,123752573.0,3.0,239,3,3,40
cg10977398,373,3,124606490.0,3.0,240,3,3,41
cg03061024,374,3,129159000.0,3.0,241,3,3,42
cg12592179,378,3,133920644.0,3.0,242,3,3,43
cg01342115,379,3,134031663.0,3.0,243,3,3,44
cg25646708,380,3,134031685.0,3.0,244,3,3,45
cg24269840,384,3,137728712.0,3.0,245,3,3,46
cg22920594,385,3,139327076.0,3.0,246,3,3,47
cg06711656,386,3,140660335.0,3.0,247,3,3,48
cg16201661,390,3,156763772.0,3.0,248,3,3,49
cg06667063,391,3,158519627.0,3.0,249,3,3,50
cg18703913,392,3,159943073.0,3.0,250,3,3,51
cg13027369,393,3,160279320.0,3.0,251,3,3,52
cg02860240,395,3,169530621.0,3.0,252,3,3,53
cg07754117,398,3,170183336.0,3.0,253,3,3,54
cg27026033,400,3,171757336.0,3.0,254,3,3,55
cg06081563,401,3,183884625.0,3.0,255,3,3,56
cg09746170,403,3,185541835.0,3.0,256,3,3,57
cg02402071,404,3,185827054.0,3.0,257,3,3,58
cg12435415,406,3,186490344.0,3.0,258,3,3,59
cg22984571,407,3,186490656.0,3.0,259,3,3,60
cg21530419,408,3,186490728.0,3.0,260,3,3,61
cg00951972,409,3,186490777.0,3.0,261,3,3,62
cg20388194,410,3,187416183.0,3.0,262,3,3,63
cg03505583,411,3,187461469.0,3.0,263,3,3,64
cg03677101,412,3,187461796.0,3.0,264,3,3,65
cg20791669,414,3,190232025.0,3.0,265,3,3,66
cg11134430,416,3,193987426.0,3.0,266,3,3,67
cg02523270,417,3,193987651.0,3.0,267,3,3,68
cg16282892,418,3,193987757.0,3.0,268,3,3,69
cg08521684,419,3,195488725.0,3.0,269,3,3,70
cg24374950,420,3,195491863.0,3.0,270,3,3,71
cg07399928,421,3,195538675.0,3.0,271,3,3,72
cg01079515,422,3,195576629.0,3.0,272,3,3,73
cg24337025,423,3,196705884.0,3.0,273,3,3,74
cg22668421,424,3,196729632.0,3.0,274,3,3,75
cg21627187,425,3,196751186.0,3.0,275,3,3,76
cg20985560,427,4,1409174.0,4.0,276,4,4,1
cg22112476,428,4,1714772.0,4.0,277,4,4,2
cg17574471,429,4,1834678.0,4.0,278,4,4,3
cg23495837,430,4,3480318.0,4.0,279,4,4,4
cg26703512,431,4,3591243.0,4.0,280,4,4,5
cg17183546,432,4,4387879.0,4.0,281,4,4,6
cg25664381,433,4,4577473.0,4.0,282,4,4,7
cg26105495,435,4,5890751.0,4.0,283,4,4,8
cg13442256,436,4,6910955.0,4.0,284,4,4,9
cg10858686,440,4,7528296.0,4.0,285,4,4,10
cg01829241,443,4,8582249.0,4.0,286,4,4,11
cg25984034,445,4,13655982.0,4.0,287,4,4,12
cg04009456,448,4,25379436.0,4.0,288,4,4,13
cg07622877,449,4,26434164.0,4.0,289,4,4,14
cg19136192,451,4,37593377.0,4.0,290,4,4,15
cg19247841,454,4,48485301.0,4.0,291,4,4,16
cg23814002,455,4,53740030.0,4.0,292,4,4,17
cg16435879,456,4,77227529.0,4.0,293,4,4,18
cg18787914,458,4,79472939.0,4.0,294,4,4,19
cg11114873,460,4,85419975.0,4.0,295,4,4,20
cg25841008,462,4,99534176.0,4.0,296,4,4,21
cg27654505,463,4,99579615.0,4.0,297,4,4,22
cg18160135,464,4,99851115.0,4.0,298,4,4,23
cg01320748,465,4,105681962.0,4.0,299,4,4,24
cg20032809,467,4,106816383.0,4.0,300,4,4,25
cg00230271,468,4,107237183.0,4.0,301,4,4,26
cg06214925,469,4,109092628.0,4.0,302,4,4,27
cg16599965,470,4,109542008.0,4.0,303,4,4,28
cg26005761,471,4,110223252.0,4.0,304,4,4,29
cg01733176,472,4,111561070.0,4.0,305,4,4,30
cg02775129,473,4,119771670.0,4.0,306,4,4,31
cg09307838,474,4,120376055.0,4.0,307,4,4,32
cg11294626,475,4,129557264.0,4.0,308,4,4,33
cg17503252,476,4,129733028.0,4.0,309,4,4,34
cg00280758,477,4,140221967.0,4.0,310,4,4,35
cg03963654,478,4,141177084.0,4.0,311,4,4,36
cg07701757,479,4,147164858.0,4.0,312,4,4,37
cg04181032,480,4,147165097.0,4.0,313,4,4,38
cg10621979,482,4,149365824.0,4.0,314,4,4,39
cg22669260,483,4,150999949.0,4.0,315,4,4,40
cg23001131,484,4,152246547.0,4.0,316,4,4,41
cg25775322,486,4,154710373.0,4.0,317,4,4,42
cg21516044,487,4,166304596.0,4.0,318,4,4,43
cg10857203,488,4,166307422.0,4.0,319,4,4,44
cg03002428,489,4,174255734.0,4.0,320,4,4,45
cg04638710,490,4,183167912.0,4.0,321,4,4,46
cg02422426,491,4,183370059.0,4.0,322,4,4,47
cg14949231,492,4,184930888.0,4.0,323,4,4,48
cg19487718,493,4,185747708.0,4.0,324,4,4,49
cg24794857,495,4,187113578.0,4.0,325,4,4,50
cg16474583,496,4,188700879.0,4.0,326,4,4,51
cg24696500,497,5,191492.0,5.0,327,5,5,1
cg00607051,498,5,191500.0,5.0,328,5,5,2
cg06852942,499,5,476497.0,5.0,329,5,5,3
cg09660670,500,5,677592.0,5.0,330,5,5,4
cg20362242,501,5,692897.0,5.0,331,5,5,5
cg04621795,503,5,876076.0,5.0,332,5,5,6
cg15827843,504,5,1123765.0,5.0,333,5,5,7
cg07010687,505,5,1217576.0,5.0,334,5,5,8
cg01987362,507,5,1827066.0,5.0,335,5,5,9
cg02534659,509,5,2112561.0,5.0,336,5,5,10
cg18308339,510,5,2186371.0,5.0,337,5,5,11
cg19687780,511,5,2928021.0,5.0,338,5,5,12
cg21962562,514,5,7331433.0,5.0,339,5,5,13
cg25579867,519,5,10647125.0,5.0,340,5,5,14
cg22597706,520,5,11082865.0,5.0,341,5,5,15
cg18441082,522,5,16466057.0,5.0,342,5,5,16
cg19693760,524,5,19988706.0,5.0,343,5,5,17
cg07784793,527,5,33794720.0,5.0,344,5,5,18
cg19622474,528,5,37835784.0,5.0,345,5,5,19
cg04122815,532,5,43039592.0,5.0,346,5,5,20
cg03723510,533,5,43040559.0,5.0,347,5,5,21
cg22055815,534,5,43040621.0,5.0,348,5,5,22
cg15015757,535,5,43043140.0,5.0,349,5,5,23
cg26505878,539,5,52405886.0,5.0,350,5,5,24
cg16411279,541,5,54826768.0,5.0,351,5,5,25
cg15003158,546,5,68628431.0,5.0,352,5,5,26
cg19735421,551,5,76010598.0,5.0,353,5,5,27
cg00397559,552,5,82683873.0,5.0,354,5,5,28
cg01837410,558,5,101631990.0,5.0,355,5,5,29
cg12564026,559,5,107006542.0,5.0,356,5,5,30
cg26883434,560,5,111091560.0,5.0,357,5,5,31
cg17815891,561,5,111496370.0,5.0,358,5,5,32
cg01915019,562,5,112823370.0,5.0,359,5,5,33
cg10418997,563,5,113014291.0,5.0,360,5,5,34
cg17014866,565,5,120026632.0,5.0,361,5,5,35
cg02300584,566,5,122423615.0,5.0,362,5,5,36
cg06998224,568,5,128113907.0,5.0,363,5,5,37
cg26090469,572,5,132271449.0,5.0,364,5,5,38
cg26142075,574,5,139029023.0,5.0,365,5,5,39
cg26334299,575,5,139571801.0,5.0,366,5,5,40
cg07810961,576,5,139927271.0,5.0,367,5,5,41
cg24556334,578,5,140366361.0,5.0,368,5,5,42
cg08955941,579,5,140420502.0,5.0,369,5,5,43
cg11925729,581,5,140562988.0,5.0,370,5,5,44
cg19311812,582,5,140700259.0,5.0,371,5,5,45
cg13156863,583,5,140700516.0,5.0,372,5,5,46
cg26856475,584,5,140740503.0,5.0,373,5,5,47
cg26337998,585,5,140749783.0,5.0,374,5,5,48
cg02528224,587,5,145827708.0,5.0,375,5,5,49
cg09458096,593,5,152069632.0,5.0,376,5,5,50
cg07464716,595,5,157079520.0,5.0,377,5,5,51
cg08769507,597,5,167592669.0,5.0,378,5,5,52
cg18581037,598,5,169010289.0,5.0,379,5,5,53
cg25920839,599,5,169010408.0,5.0,380,5,5,54
cg26967723,600,5,169617918.0,5.0,381,5,5,55
cg22111078,601,5,172655925.0,5.0,382,5,5,56
cg06439005,602,5,172754848.0,5.0,383,5,5,57
cg26237426,603,5,173000873.0,5.0,384,5,5,58
cg20687255,605,5,175846914.0,5.0,385,5,5,59
cg22733478,606,5,176036806.0,5.0,386,5,5,60
cg21091766,608,5,176898673.0,5.0,387,5,5,61
cg00524694,609,5,177387682.0,5.0,388,5,5,62
cg01135781,610,5,177396838.0,5.0,389,5,5,63
cg21067654,611,5,177580340.0,5.0,390,5,5,64
cg05497107,613,5,178978234.0,5.0,391,5,5,65
cg06913501,614,5,180101143.0,5.0,392,5,5,66
cg14827527,615,5,180542592.0,5.0,393,5,5,67
cg00277263,617,5,180644901.0,5.0,394,5,5,68
cg00695049,618,5,180673395.0,5.0,395,5,5,69
cg17808866,620,6,503857.0,6.0,396,6,6,1
cg08363684,621,6,761547.0,6.0,397,6,6,2
cg12611423,622,6,1389966.0,6.0,398,6,6,3
cg21083467,623,6,3077041.0,6.0,399,6,6,4
cg14913512,625,6,4772890.0,6.0,400,6,6,5
cg24990131,627,6,6320710.0,6.0,401,6,6,6
cg20865151,628,6,6724842.0,6.0,402,6,6,7
cg27260630,629,6,7389879.0,6.0,403,6,6,8
cg16613240,631,6,10099623.0,6.0,404,6,6,9
cg09285851,632,6,10099656.0,6.0,405,6,6,10
cg04831694,634,6,10831851.0,6.0,406,6,6,11
cg20180247,635,6,10884140.0,6.0,407,6,6,12
cg02558474,639,6,13487018.0,6.0,408,6,6,13
cg05374569,643,6,17413083.0,6.0,409,6,6,14
cg11894257,645,6,22569881.0,6.0,410,6,6,15
cg24163360,648,6,25931557.0,6.0,411,6,6,16
cg05959834,649,6,26108372.0,6.0,412,6,6,17
cg04370575,650,6,26537479.0,6.0,413,6,6,18
cg10547057,651,6,26987810.0,6.0,414,6,6,19
cg03359964,652,6,27125955.0,6.0,415,6,6,20
cg26395285,653,6,28481217.0,6.0,416,6,6,21
cg16333440,654,6,28967766.0,6.0,417,6,6,22
cg15814717,655,6,29521228.0,6.0,418,6,6,23
cg09749751,656,6,29600125.0,6.0,419,6,6,24
cg25978138,657,6,29648161.0,6.0,420,6,6,25
cg19636627,658,6,29649084.0,6.0,421,6,6,26
cg11423684,660,6,29691993.0,6.0,422,6,6,27
cg03977339,661,6,29924256.0,6.0,423,6,6,28
cg06710082,662,6,29943408.0,6.0,424,6,6,29
cg24187051,663,6,30029573.0,6.0,425,6,6,30
cg08520660,664,6,30449680.0,6.0,426,6,6,31
cg26259575,665,6,30687946.0,6.0,427,6,6,32
cg00718519,666,6,30689608.0,6.0,428,6,6,33
cg16990009,667,6,30880155.0,6.0,429,6,6,34
cg01842321,669,6,31023592.0,6.0,430,6,6,35
cg02145102,670,6,31276418.0,6.0,431,6,6,36
cg04232624,671,6,31620820.0,6.0,432,6,6,37
cg04573510,672,6,31707458.0,6.0,433,6,6,38
cg13613346,673,6,31855008.0,6.0,434,6,6,39
cg09704382,674,6,31963892.0,6.0,435,6,6,40
cg14441480,675,6,32729500.0,6.0,436,6,6,41
cg03026929,677,6,32806028.0,6.0,437,6,6,42
cg18696632,678,6,32811521.0,6.0,438,6,6,43
cg18098714,679,6,32935404.0,6.0,439,6,6,44
cg27539322,680,6,33281509.0,6.0,440,6,6,45
cg09195321,681,6,33385690.0,6.0,441,6,6,46
cg11911630,682,6,33422697.0,6.0,442,6,6,47
cg06590170,683,6,33969828.0,6.0,443,6,6,48
cg23817336,685,6,35133442.0,6.0,444,6,6,49
cg02611419,687,6,39282532.0,6.0,445,6,6,50
cg09580153,688,6,41068724.0,6.0,446,6,6,51
cg09758420,689,6,41343830.0,6.0,447,6,6,52
cg23616309,690,6,41701882.0,6.0,448,6,6,53
cg07445691,691,6,43655664.0,6.0,449,6,6,54
cg07337446,692,6,46517898.0,6.0,450,6,6,55
cg19862344,694,6,49605181.0,6.0,451,6,6,56
cg22301664,696,6,74072820.0,6.0,452,6,6,57
cg15408020,697,6,74987753.0,6.0,453,6,6,58
cg17634797,698,6,75945095.0,6.0,454,6,6,59
cg25107268,702,6,89673349.0,6.0,455,6,6,60
cg23608868,704,6,91648624.0,6.0,456,6,6,61
cg12026529,705,6,99128672.0,6.0,457,6,6,62
cg17398252,706,6,105585179.0,6.0,458,6,6,63
cg07944936,707,6,107950685.0,6.0,459,6,6,64
cg01646423,708,6,110682827.0,6.0,460,6,6,65
cg21741010,709,6,116832611.0,6.0,461,6,6,66
cg19032271,710,6,116892595.0,6.0,462,6,6,67
cg24671202,711,6,116938100.0,6.0,463,6,6,68
cg12636197,712,6,116998190.0,6.0,464,6,6,69
cg16783819,714,6,122720842.0,6.0,465,6,6,70
cg09526708,715,6,127442648.0,6.0,466,6,6,71
cg12148919,717,6,128841705.0,6.0,467,6,6,72
cg16800851,718,6,130339565.0,6.0,468,6,6,73
cg16630085,719,6,132580009.0,6.0,469,6,6,74
cg17689707,722,6,134638871.0,6.0,470,6,6,75
cg04903623,724,6,137795451.0,6.0,471,6,6,76
cg09909523,729,6,154727665.0,6.0,472,6,6,77
cg02210140,732,6,155635646.0,6.0,473,6,6,78
cg20364594,734,6,158981615.0,6.0,474,6,6,79
cg19483159,735,6,159066182.0,6.0,475,6,6,80
cg14515483,738,6,160113813.0,6.0,476,6,6,81
cg15850155,741,6,160426268.0,6.0,477,6,6,82
cg09221482,743,6,161557754.0,6.0,478,6,6,83
cg09655876,744,6,161561066.0,6.0,479,6,6,84
cg11342941,745,6,161561121.0,6.0,480,6,6,85
cg26812362,746,6,167040675.0,6.0,481,6,6,86
cg13927040,747,6,167453801.0,6.0,482,6,6,87
cg23601495,749,6,168473054.0,6.0,483,6,6,88
cg14972139,750,6,168559456.0,6.0,484,6,6,89
cg27534396,751,6,168615242.0,6.0,485,6,6,90
cg19152809,752,6,170047908.0,6.0,486,6,6,91
cg25588120,753,6,170059273.0,6.0,487,6,6,92
cg17925026,754,6,170066024.0,6.0,488,6,6,93
cg24218279,755,6,170374383.0,6.0,489,6,6,94
cg09848943,757,6,170861929.0,6.0,490,6,6,95
cg25980689,759,7,187339.0,7.0,491,7,7,1
cg02664177,760,7,537828.0,7.0,492,7,7,2
cg12302797,761,7,1097123.0,7.0,493,7,7,3
cg16232530,762,7,1097131.0,7.0,494,7,7,4
cg10055222,763,7,1125111.0,7.0,495,7,7,5
cg10607454,764,7,1315725.0,7.0,496,7,7,6
cg20017891,765,7,1423720.0,7.0,497,7,7,7
cg07550313,766,7,1537248.0,7.0,498,7,7,8
cg10364115,767,7,2560976.0,7.0,499,7,7,9
cg10569694,771,7,5013509.0,7.0,500,7,7,10
cg11748186,773,7,5229808.0,7.0,501,7,7,11
cg06932780,774,7,5526333.0,7.0,502,7,7,12
cg05540649,777,7,16439297.0,7.0,503,7,7,13
cg13733314,779,7,20830816.0,7.0,504,7,7,14
cg08429337,780,7,22749617.0,7.0,505,7,7,15
cg27539480,781,7,27147084.0,7.0,506,7,7,16
cg06934774,782,7,27198025.0,7.0,507,7,7,17
cg12705171,783,7,27473741.0,7.0,508,7,7,18
cg22168087,784,7,27702803.0,7.0,509,7,7,19
cg17052266,785,7,29186183.0,7.0,510,7,7,20
cg22167839,787,7,35840133.0,7.0,511,7,7,21
cg02811067,788,7,36275951.0,7.0,512,7,7,22
cg19289921,793,7,44153867.0,7.0,513,7,7,23
cg22455271,794,7,47333085.0,7.0,514,7,7,24
cg02897667,795,7,51539131.0,7.0,515,7,7,25
cg16703135,799,7,55517132.0,7.0,516,7,7,26
cg01981733,800,7,56297714.0,7.0,517,7,7,27
cg15410343,801,7,56516425.0,7.0,518,7,7,28
cg01098474,802,7,57508755.0,7.0,519,7,7,29
cg07236342,803,7,73133398.0,7.0,520,7,7,30
cg00827369,806,7,73588253.0,7.0,521,7,7,31
cg26780321,807,7,73588678.0,7.0,522,7,7,32
cg06765022,809,7,76628673.0,7.0,523,7,7,33
cg06670048,811,7,92861609.0,7.0,524,7,7,34
cg22240800,812,7,94293733.0,7.0,525,7,7,35
cg01314743,815,7,100034753.0,7.0,526,7,7,36
cg22377237,816,7,100271437.0,7.0,527,7,7,37
cg08097755,817,7,100808488.0,7.0,528,7,7,38
cg06651180,818,7,101559888.0,7.0,529,7,7,39
cg24838202,819,7,102988263.0,7.0,530,7,7,40
cg02941852,821,7,105030168.0,7.0,531,7,7,41
cg04433990,822,7,107384558.0,7.0,532,7,7,42
cg01693328,823,7,108101162.0,7.0,533,7,7,43
cg13991019,824,7,110506411.0,7.0,534,7,7,44
cg02620361,826,7,115117424.0,7.0,535,7,7,45
cg19598293,828,7,117854765.0,7.0,536,7,7,46
cg13131519,831,7,127032423.0,7.0,537,7,7,47
cg06903658,833,7,127532361.0,7.0,538,7,7,48
cg06783429,834,7,127673038.0,7.0,539,7,7,49
cg25900995,835,7,127743962.0,7.0,540,7,7,50
cg17007872,836,7,129251834.0,7.0,541,7,7,51
cg20601620,837,7,129845340.0,7.0,542,7,7,52
cg22511019,838,7,130524453.0,7.0,543,7,7,53
cg04132407,839,7,130626376.0,7.0,544,7,7,54
cg09662496,840,7,130626474.0,7.0,545,7,7,55
cg21143892,842,7,132937713.0,7.0,546,7,7,56
cg19461582,843,7,134671987.0,7.0,547,7,7,57
cg17382310,844,7,135413101.0,7.0,548,7,7,58
cg21200382,846,7,140103764.0,7.0,549,7,7,59
cg13636952,849,7,142447956.0,7.0,550,7,7,60
cg16254309,851,7,145814152.0,7.0,551,7,7,61
cg25386534,852,7,148845555.0,7.0,552,7,7,62
cg07562382,854,7,149129696.0,7.0,553,7,7,63
cg19036016,857,7,151077005.0,7.0,554,7,7,64
cg19643252,858,7,151264653.0,7.0,555,7,7,65
cg24448952,860,7,154795270.0,7.0,556,7,7,66
cg25058023,861,7,154863176.0,7.0,557,7,7,67
cg12820681,862,7,155166290.0,7.0,558,7,7,68
cg08364137,863,7,156400990.0,7.0,559,7,7,69
cg13258700,864,7,156433997.0,7.0,560,7,7,70
cg07981013,865,7,156795767.0,7.0,561,7,7,71
cg10401362,866,7,157185402.0,7.0,562,7,7,72
cg23694187,867,7,157335188.0,7.0,563,7,7,73
cg23740652,868,7,157561925.0,7.0,564,7,7,74
cg03377073,870,7,157980803.0,7.0,565,7,7,75
cg20916500,871,8,652685.0,8.0,566,8,8,1
cg23562160,872,8,709692.0,8.0,567,8,8,2
cg00032610,873,8,711064.0,8.0,568,8,8,3
cg02243946,874,8,1423352.0,8.0,569,8,8,4
cg20257821,875,8,1500400.0,8.0,570,8,8,5
cg13320538,876,8,2419822.0,8.0,571,8,8,6
cg17224775,877,8,2483325.0,8.0,572,8,8,7
cg15462221,878,8,8086144.0,8.0,573,8,8,8
cg10347799,881,8,9008364.0,8.0,574,8,8,9
cg10333252,882,8,11055348.0,8.0,575,8,8,10
cg00720475,883,8,16884576.0,8.0,576,8,8,11
cg18736775,885,8,18248649.0,8.0,577,8,8,12
cg22993554,886,8,18698050.0,8.0,578,8,8,13
cg25072880,887,8,22719995.0,8.0,579,8,8,14
cg04447123,888,8,22857672.0,8.0,580,8,8,15
cg13822256,890,8,24811266.0,8.0,581,8,8,16
cg20263156,891,8,27850215.0,8.0,582,8,8,17
cg15698851,895,8,29940391.0,8.0,583,8,8,18
cg11792616,896,8,30018355.0,8.0,584,8,8,19
cg18571640,898,8,33210211.0,8.0,585,8,8,20
cg03806095,901,8,37655840.0,8.0,586,8,8,21
cg00590869,902,8,37962609.0,8.0,587,8,8,22
cg21517147,904,8,41386864.0,8.0,588,8,8,23
cg05453358,905,8,47529280.0,8.0,589,8,8,24
cg11886639,906,8,49704653.0,8.0,590,8,8,25
cg18563812,908,8,53044888.0,8.0,591,8,8,26
cg00269606,915,8,67090928.0,8.0,592,8,8,27
cg13175120,916,8,70017549.0,8.0,593,8,8,28
cg26753018,917,8,70746312.0,8.0,594,8,8,29
cg20113824,918,8,70946946.0,8.0,595,8,8,30
cg23954787,919,8,72470700.0,8.0,596,8,8,31
cg05242148,921,8,86019350.0,8.0,597,8,8,32
cg18322772,924,8,101322713.0,8.0,598,8,8,33
cg21442626,925,8,104032819.0,8.0,599,8,8,34
cg14877637,927,8,104032876.0,8.0,600,8,8,35
cg21936543,928,8,104383433.0,8.0,601,8,8,36
cg20230340,931,8,119049938.0,8.0,602,8,8,37
cg08796640,932,8,119123054.0,8.0,603,8,8,38
cg09694986,933,8,121775052.0,8.0,604,8,8,39
cg06931444,935,8,129874054.0,8.0,605,8,8,40
cg00290626,937,8,132499131.0,8.0,606,8,8,41
cg02609144,938,8,133204331.0,8.0,607,8,8,42
cg04396550,939,8,133493434.0,8.0,608,8,8,43
cg05948645,944,8,141379039.0,8.0,609,8,8,44
cg16670021,945,8,142454461.0,8.0,610,8,8,45
cg27244385,946,8,142662391.0,8.0,611,8,8,46
cg03924566,947,8,143545478.0,8.0,612,8,8,47
cg10913563,948,8,143808814.0,8.0,613,8,8,48
cg14775504,949,8,144190484.0,8.0,614,8,8,49
cg14721632,951,8,144635430.0,8.0,615,8,8,50
cg23090207,952,8,144635444.0,8.0,616,8,8,51
cg15541193,953,8,144635496.0,8.0,617,8,8,52
cg20165448,955,8,144798477.0,8.0,618,8,8,53
cg24013620,956,8,144798688.0,8.0,619,8,8,54
cg20367404,958,8,144925527.0,8.0,620,8,8,55
cg24891660,959,8,145003653.0,8.0,621,8,8,56
cg26795011,960,8,145027226.0,8.0,622,8,8,57
cg15847845,961,8,145028505.0,8.0,623,8,8,58
cg18925846,963,8,145164991.0,8.0,624,8,8,59
cg02610507,965,8,145911260.0,8.0,625,8,8,60
cg10333767,966,8,146126862.0,8.0,626,8,8,61
cg14267020,973,9,19064114.0,9.0,627,9,9,1
cg16954458,979,9,33511220.0,9.0,628,9,9,2
cg12370929,980,9,34701219.0,9.0,629,9,9,3
cg04065065,981,9,35096250.0,9.0,630,9,9,4
cg13752837,982,9,35162048.0,9.0,631,9,9,5
cg14511376,983,9,35607900.0,9.0,632,9,9,6
cg04482597,986,9,37486041.0,9.0,633,9,9,7
cg02654358,987,9,74061449.0,9.0,634,9,9,8
cg13899841,992,9,108214040.0,9.0,635,9,9,9
cg08313788,993,9,115095520.0,9.0,636,9,9,10
cg11431402,996,9,126135408.0,9.0,637,9,9,11
cg26753512,998,9,127962481.0,9.0,638,9,9,12
cg13838599,999,9,128989097.0,9.0,639,9,9,13
cg21198455,1000,9,131679993.0,9.0,640,9,9,14
cg01408915,1005,9,136024341.0,9.0,641,9,9,15
cg14600041,1006,9,136081579.0,9.0,642,9,9,16
cg12020464,1007,9,136131183.0,9.0,643,9,9,17
cg08268099,1009,9,137966584.0,9.0,644,9,9,18
cg27286999,1010,9,137967306.0,9.0,645,9,9,19
cg13523132,1014,9,139638566.0,9.0,646,9,9,20
cg18798099,1015,9,140189618.0,9.0,647,9,9,21
cg21176398,1017,9,140771599.0,9.0,648,9,9,22
cg02514579,1018,10,717091.0,10.0,649,10,10,1
cg07876051,1019,10,3159145.0,10.0,650,10,10,2
cg17158564,1020,10,5406890.0,10.0,651,10,10,3
cg11218842,1021,10,5406907.0,10.0,652,10,10,4
cg12428514,1022,10,5407119.0,10.0,653,10,10,5
cg06022942,1025,10,8095484.0,10.0,654,10,10,6
cg07578663,1026,10,8096600.0,10.0,655,10,10,7
cg17290701,1028,10,11059714.0,10.0,656,10,10,8
cg04907738,1031,10,13425688.0,10.0,657,10,10,9
cg06640123,1033,10,21638844.0,10.0,658,10,10,10
cg08672557,1034,10,22292767.0,10.0,659,10,10,11
cg18634296,1036,10,25305078.0,10.0,660,10,10,12
cg08815081,1038,10,28035731.0,10.0,661,10,10,13
cg13896748,1039,10,30872987.0,10.0,662,10,10,14
cg05775862,1040,10,31026101.0,10.0,663,10,10,15
cg26607228,1044,10,43889109.0,10.0,664,10,10,16
cg01083633,1045,10,44162781.0,10.0,665,10,10,17
cg24297509,1046,10,44339107.0,10.0,666,10,10,18
cg17554636,1047,10,45719751.0,10.0,667,10,10,19
cg20447730,1048,10,45719880.0,10.0,668,10,10,20
cg06088084,1049,10,48952423.0,10.0,669,10,10,21
cg18534872,1052,10,58121066.0,10.0,670,10,10,22
cg19382584,1053,10,63666609.0,10.0,671,10,10,23
cg12484738,1055,10,65280766.0,10.0,672,10,10,24
cg05521089,1056,10,65733092.0,10.0,673,10,10,25
cg00588577,1057,10,70480905.0,10.0,674,10,10,26
cg01477633,1058,10,71078714.0,10.0,675,10,10,27
cg24280819,1059,10,71338046.0,10.0,676,10,10,28
cg06759405,1060,10,71562095.0,10.0,677,10,10,29
cg20648333,1061,10,72298745.0,10.0,678,10,10,30
cg15563766,1062,10,74029447.0,10.0,679,10,10,31
cg16716883,1063,10,74079772.0,10.0,680,10,10,32
cg13511752,1064,10,74094697.0,10.0,681,10,10,33
cg25394301,1065,10,75008761.0,10.0,682,10,10,34
cg18620298,1066,10,76995799.0,10.0,683,10,10,35
cg24677093,1067,10,77166172.0,10.0,684,10,10,36
cg00205263,1069,10,81741554.0,10.0,685,10,10,37
cg09775312,1071,10,93392839.0,10.0,686,10,10,38
cg04889043,1072,10,93882845.0,10.0,687,10,10,39
cg04958872,1077,10,102241820.0,10.0,688,10,10,40
cg22748290,1080,10,102489344.0,10.0,689,10,10,41
cg17339543,1083,10,102772928.0,10.0,690,10,10,42
cg13736263,1084,10,102778909.0,10.0,691,10,10,43
cg09510780,1085,10,104178971.0,10.0,692,10,10,44
cg14159304,1086,10,105212236.0,10.0,693,10,10,45
cg14742187,1087,10,111842681.0,10.0,694,10,10,46
cg00375691,1093,10,119296942.0,10.0,695,10,10,47
cg12317601,1094,10,119301760.0,10.0,696,10,10,48
cg06966660,1096,10,123923066.0,10.0,697,10,10,49
cg18483902,1097,10,124029647.0,10.0,698,10,10,50
cg18351607,1099,10,124739543.0,10.0,699,10,10,51
cg21949958,1100,10,124914691.0,10.0,700,10,10,52
cg01492853,1101,10,125231256.0,10.0,701,10,10,53
cg08615567,1102,10,125651621.0,10.0,702,10,10,54
cg17686260,1105,10,131412764.0,10.0,703,10,10,55
cg18583565,1106,10,131567980.0,10.0,704,10,10,56
cg14536517,1109,10,132239501.0,10.0,705,10,10,57
cg16891431,1110,10,133106078.0,10.0,706,10,10,58
cg12167057,1111,10,133606294.0,10.0,707,10,10,59
cg19708903,1112,10,133784308.0,10.0,708,10,10,60
cg24055178,1113,10,134263487.0,10.0,709,10,10,61
cg11860238,1115,10,134726665.0,10.0,710,10,10,62
cg23987897,1118,10,134775949.0,10.0,711,10,10,63
cg17693826,1119,10,134776050.0,10.0,712,10,10,64
cg16756674,1120,10,134791043.0,10.0,713,10,10,65
cg23057009,1121,10,134844217.0,10.0,714,10,10,66
cg24668570,1122,10,134973778.0,10.0,715,10,10,67
cg05316415,1123,10,134999675.0,10.0,716,10,10,68
cg25699174,1124,10,135050149.0,10.0,717,10,10,69
cg24530264,1125,10,135342620.0,10.0,718,10,10,70
cg18984983,1126,10,135342936.0,10.0,719,10,10,71
cg11445109,1127,10,135343248.0,10.0,720,10,10,72
cg22016995,1129,11,614787.0,11.0,721,11,11,1
cg03909863,1130,11,638404.0,11.0,722,11,11,2
cg10258582,1131,11,800594.0,11.0,723,11,11,3
cg01989504,1132,11,1256651.0,11.0,724,11,11,4
cg10379476,1133,11,1328479.0,11.0,725,11,11,5
cg02029564,1134,11,1354849.0,11.0,726,11,11,6
cg13756879,1137,11,2161473.0,11.0,727,11,11,7
cg18485844,1138,11,2291652.0,11.0,728,11,11,8
cg24728105,1139,11,2418157.0,11.0,729,11,11,9
cg20921686,1140,11,2604499.0,11.0,730,11,11,10
cg17434043,1141,11,2907123.0,11.0,731,11,11,11
cg19825639,1142,11,3014213.0,11.0,732,11,11,12
cg23910098,1143,11,3187534.0,11.0,733,11,11,13
cg17163839,1144,11,4115579.0,11.0,734,11,11,14
cg20814503,1145,11,4390240.0,11.0,735,11,11,15
cg03122735,1146,11,4629195.0,11.0,736,11,11,16
cg09133563,1147,11,4629357.0,11.0,737,11,11,17
cg16469099,1150,11,4629432.0,11.0,738,11,11,18
cg19515317,1152,11,4629667.0,11.0,739,11,11,19
cg19511651,1153,11,5951433.0,11.0,740,11,11,20
cg03641748,1155,11,6440808.0,11.0,741,11,11,21
cg14037413,1156,11,9482594.0,11.0,742,11,11,22
cg01494614,1157,11,10562837.0,11.0,743,11,11,23
cg13924715,1158,11,10750890.0,11.0,744,11,11,24
cg21648324,1161,11,12692986.0,11.0,745,11,11,25
cg11028624,1162,11,13983793.0,11.0,746,11,11,26
cg03245590,1163,11,15329459.0,11.0,747,11,11,27
cg15365320,1164,11,17373302.0,11.0,748,11,11,28
cg19767548,1166,11,18433554.0,11.0,749,11,11,29
cg14332815,1167,11,18433564.0,11.0,750,11,11,30
cg06185738,1170,11,22359868.0,11.0,751,11,11,31
cg22128896,1172,11,33087476.0,11.0,752,11,11,32
cg20014960,1177,11,35547311.0,11.0,753,11,11,33
cg06372015,1180,11,43602000.0,11.0,754,11,11,34
cg07704934,1181,11,44332940.0,11.0,755,11,11,35
cg05037168,1183,11,46259470.0,11.0,756,11,11,36
cg15917625,1184,11,46299900.0,11.0,757,11,11,37
cg00493068,1185,11,50260762.0,11.0,758,11,11,38
cg07739826,1191,11,59378927.0,11.0,759,11,11,39
cg25076272,1192,11,60923776.0,11.0,760,11,11,40
cg08626382,1193,11,62108591.0,11.0,761,11,11,41
cg15814736,1194,11,63439115.0,11.0,762,11,11,42
cg14682277,1195,11,63808040.0,11.0,763,11,11,43
cg22408430,1197,11,63883266.0,11.0,764,11,11,44
cg21986781,1198,11,64029923.0,11.0,765,11,11,45
cg14689317,1200,11,64128973.0,11.0,766,11,11,46
cg00976692,1202,11,64578131.0,11.0,767,11,11,47
cg03262694,1203,11,64684810.0,11.0,768,11,11,48
cg20138404,1204,11,64951798.0,11.0,769,11,11,49
cg02675946,1205,11,64993239.0,11.0,770,11,11,50
cg21825840,1207,11,66025173.0,11.0,771,11,11,51
cg11129796,1208,11,66035649.0,11.0,772,11,11,52
cg12052203,1209,11,66115045.0,11.0,773,11,11,53
cg07655487,1210,11,66849820.0,11.0,774,11,11,54
cg18262591,1213,11,68579970.0,11.0,775,11,11,55
cg08826843,1214,11,68670876.0,11.0,776,11,11,56
cg00606989,1216,11,69519088.0,11.0,777,11,11,57
cg09530156,1217,11,69867139.0,11.0,778,11,11,58
cg27260891,1218,11,70028721.0,11.0,779,11,11,59
cg20754476,1219,11,71117679.0,11.0,780,11,11,60
cg15167841,1220,11,71787492.0,11.0,781,11,11,61
cg04058752,1225,11,76751369.0,11.0,782,11,11,62
cg23602829,1226,11,76757171.0,11.0,783,11,11,63
cg05792572,1228,11,77757450.0,11.0,784,11,11,64
cg06702721,1229,11,77899898.0,11.0,785,11,11,65
cg06251348,1230,11,78771032.0,11.0,786,11,11,66
cg00564051,1234,11,91957448.0,11.0,787,11,11,67
cg06483452,1238,11,102139392.0,11.0,788,11,11,68
cg03421801,1239,11,102475041.0,11.0,789,11,11,69
cg14491149,1241,11,103683233.0,11.0,790,11,11,70
cg00488260,1242,11,107461894.0,11.0,791,11,11,71
cg06053805,1244,11,108093413.0,11.0,792,11,11,72
cg25229114,1245,11,110167701.0,11.0,793,11,11,73
cg10245123,1246,11,113906981.0,11.0,794,11,11,74
cg02642914,1248,11,115374217.0,11.0,795,11,11,75
cg19959041,1249,11,115451985.0,11.0,796,11,11,76
cg02725900,1253,11,118965121.0,11.0,797,11,11,77
cg21644713,1254,11,118972867.0,11.0,798,11,11,78
cg16566400,1255,11,119293869.0,11.0,799,11,11,79
cg26722658,1256,11,124545191.0,11.0,800,11,11,80
cg02513924,1257,11,124823857.0,11.0,801,11,11,81
cg01999479,1258,11,126081473.0,11.0,802,11,11,82
cg16628183,1259,11,126456052.0,11.0,803,11,11,83
cg02035681,1263,11,128775750.0,11.0,804,11,11,84
cg24953078,1265,11,131878924.0,11.0,805,11,11,85
cg24732796,1266,11,133907497.0,11.0,806,11,11,86
cg09953406,1269,11,134605083.0,11.0,807,11,11,87
cg07697887,1270,11,134607652.0,11.0,808,11,11,88
cg16705697,1272,11,134731585.0,11.0,809,11,11,89
cg12806521,1277,12,6677729.0,12.0,810,12,12,1
cg18123790,1278,12,6772186.0,12.0,811,12,12,2
cg18232235,1282,12,11700321.0,12.0,812,12,12,3
cg26614815,1284,12,14996776.0,12.0,813,12,12,4
cg13442495,1286,12,25404467.0,12.0,814,12,12,5
cg23332732,1288,12,26986274.0,12.0,815,12,12,6
cg16304302,1290,12,27486485.0,12.0,816,12,12,7
cg27157669,1291,12,27936825.0,12.0,817,12,12,8
cg24677744,1293,12,29302016.0,12.0,818,12,12,9
cg03532709,1296,12,31881951.0,12.0,819,12,12,10
cg07409680,1297,12,32260442.0,12.0,820,12,12,11
cg02770073,1299,12,34548094.0,12.0,821,12,12,12
cg07303091,1300,12,42863385.0,12.0,822,12,12,13
cg00966357,1301,12,46945908.0,12.0,823,12,12,14
cg25190001,1302,12,49371310.0,12.0,824,12,12,15
cg02805665,1303,12,49484932.0,12.0,825,12,12,16
cg08691567,1306,12,53183930.0,12.0,826,12,12,17
cg16705419,1308,12,53453013.0,12.0,827,12,12,18
cg19928450,1310,12,54348629.0,12.0,828,12,12,19
cg02371798,1311,12,54363657.0,12.0,829,12,12,20
cg03305955,1312,12,54417033.0,12.0,830,12,12,21
cg05359066,1314,12,56552046.0,12.0,831,12,12,22
cg05013783,1315,12,56652058.0,12.0,832,12,12,23
cg26804944,1316,12,56660921.0,12.0,833,12,12,24
cg03249590,1318,12,57040199.0,12.0,834,12,12,25
cg06074958,1319,12,57118908.0,12.0,835,12,12,26
cg11254439,1320,12,57335615.0,12.0,836,12,12,27
cg09740308,1321,12,57984923.0,12.0,837,12,12,28
cg18316386,1322,12,58335867.0,12.0,838,12,12,29
cg19536810,1323,12,59313817.0,12.0,839,12,12,30
cg05837036,1324,12,63015414.0,12.0,840,12,12,31
cg17130567,1325,12,66218057.0,12.0,841,12,12,32
cg00580978,1330,12,72667386.0,12.0,842,12,12,33
cg09634360,1331,12,75905462.0,12.0,843,12,12,34
cg07430153,1332,12,76424847.0,12.0,844,12,12,35
cg01979605,1336,12,94534257.0,12.0,845,12,12,36
cg08077234,1337,12,94658675.0,12.0,846,12,12,37
cg09944400,1338,12,95043227.0,12.0,847,12,12,38
cg13338132,1339,12,100041984.0,12.0,848,12,12,39
cg23554497,1340,12,103359836.0,12.0,849,12,12,40
cg04916200,1342,12,107168633.0,12.0,850,12,12,41
cg26212496,1344,12,107487708.0,12.0,851,12,12,42
cg20893031,1347,12,108306467.0,12.0,852,12,12,43
cg26806188,1348,12,108908720.0,12.0,853,12,12,44
cg09175811,1350,12,111050500.0,12.0,854,12,12,45
cg19631815,1353,12,113528791.0,12.0,855,12,12,46
cg15168615,1354,12,113599683.0,12.0,856,12,12,47
cg12530050,1356,12,115121354.0,12.0,857,12,12,48
cg02345991,1359,12,119418676.0,12.0,858,12,12,49
cg07231451,1365,12,123852477.0,12.0,859,12,12,50
cg11755803,1371,12,129000542.0,12.0,860,12,12,51
cg11230248,1373,12,130060080.0,12.0,861,12,12,52
cg26147947,1375,12,130590231.0,12.0,862,12,12,53
cg09595912,1377,12,130819634.0,12.0,863,12,12,54
cg19683551,1379,12,131919784.0,12.0,864,12,12,55
cg17479830,1380,12,132871604.0,12.0,865,12,12,56
cg02596617,1381,12,132912566.0,12.0,866,12,12,57
cg03279164,1383,12,133485856.0,12.0,867,12,12,58
cg19090533,1384,12,133536292.0,12.0,868,12,12,59
cg20054939,1385,12,133614314.0,12.0,869,12,12,60
cg25578013,1389,13,21047444.0,13.0,870,13,13,1
cg07444005,1390,13,21678461.0,13.0,871,13,13,2
cg06391663,1391,13,23415887.0,13.0,872,13,13,3
cg01019355,1394,13,27712255.0,13.0,873,13,13,4
cg10100220,1395,13,28155884.0,13.0,874,13,13,5
cg05344430,1396,13,28366600.0,13.0,875,13,13,6
cg01333242,1399,13,30740197.0,13.0,876,13,13,7
cg07005067,1400,13,31782610.0,13.0,877,13,13,8
cg26345046,1403,13,37004620.0,13.0,878,13,13,9
cg16505464,1404,13,37393242.0,13.0,879,13,13,10
cg19043800,1405,13,37702050.0,13.0,880,13,13,11
cg18595137,1406,13,39458059.0,13.0,881,13,13,12
cg25433674,1407,13,43395572.0,13.0,882,13,13,13
cg15738089,1409,13,44542704.0,13.0,883,13,13,14
cg15699243,1412,13,51381934.0,13.0,884,13,13,15
cg00401429,1413,13,53771411.0,13.0,885,13,13,16
cg00241432,1416,13,95846842.0,13.0,886,13,13,17
cg18393747,1417,13,96205295.0,13.0,887,13,13,18
cg01725864,1418,13,98829557.0,13.0,888,13,13,19
cg12619015,1419,13,100157043.0,13.0,889,13,13,20
cg11622324,1420,13,100630688.0,13.0,890,13,13,21
cg21276549,1421,13,102568345.0,13.0,891,13,13,22
cg02955548,1423,13,108028239.0,13.0,892,13,13,23
cg00006787,1424,13,110533441.0,13.0,893,13,13,24
cg04296187,1425,13,110835709.0,13.0,894,13,13,25
cg23180593,1426,13,111301487.0,13.0,895,13,13,26
cg27030655,1427,13,111997466.0,13.0,896,13,13,27
cg20555562,1428,13,112061955.0,13.0,897,13,13,28
cg04325130,1429,13,112507698.0,13.0,898,13,13,29
cg13063845,1430,13,112554987.0,13.0,899,13,13,30
cg01941313,1432,13,113120234.0,13.0,900,13,13,31
cg01373852,1433,13,113121958.0,13.0,901,13,13,32
cg22301418,1435,13,113514151.0,13.0,902,13,13,33
cg10332422,1438,13,114292552.0,13.0,903,13,13,34
cg12337884,1439,13,114819908.0,13.0,904,13,13,35
cg16022304,1440,14,21564730.0,14.0,905,14,14,1
cg19790323,1441,14,22471111.0,14.0,906,14,14,2
cg13716585,1442,14,22917809.0,14.0,907,14,14,3
cg16285447,1443,14,23058779.0,14.0,908,14,14,4
cg05171021,1444,14,24422749.0,14.0,909,14,14,5
cg06111454,1445,14,24837836.0,14.0,910,14,14,6
cg24154325,1446,14,29247705.0,14.0,911,14,14,7
cg19571686,1447,14,32328771.0,14.0,912,14,14,8
cg01935149,1448,14,33403900.0,14.0,913,14,14,9
cg05082965,1449,14,33404180.0,14.0,914,14,14,10
cg13335112,1452,14,51339216.0,14.0,915,14,14,11
cg25685519,1453,14,52536721.0,14.0,916,14,14,12
cg01284467,1454,14,53415068.0,14.0,917,14,14,13
cg23251248,1455,14,55907374.0,14.0,918,14,14,14
cg26143452,1456,14,55907385.0,14.0,919,14,14,15
cg14079333,1457,14,61123405.0,14.0,920,14,14,16
cg18436128,1458,14,65439236.0,14.0,921,14,14,17
cg09388160,1459,14,68978814.0,14.0,922,14,14,18
cg13685349,1464,14,81879247.0,14.0,923,14,14,19
cg16433844,1466,14,91963127.0,14.0,924,14,14,20
cg26438665,1470,14,93794813.0,14.0,925,14,14,21
cg04313756,1473,14,96180842.0,14.0,926,14,14,22
cg20686551,1474,14,100259161.0,14.0,927,14,14,23
cg24044238,1476,14,101340027.0,14.0,928,14,14,24
cg09826395,1477,14,102685246.0,14.0,929,14,14,25
cg00708642,1478,14,103800518.0,14.0,930,14,14,26
cg26318872,1480,14,104158729.0,14.0,931,14,14,27
cg08041364,1482,14,105635081.0,14.0,932,14,14,28
cg03031183,1485,14,106916953.0,14.0,933,14,14,29
cg04014889,1486,15,23890593.0,15.0,934,15,15,1
cg09593033,1488,15,25472237.0,15.0,935,15,15,2
cg26757542,1492,15,31284284.0,15.0,936,15,15,3
cg03472349,1493,15,31319218.0,15.0,937,15,15,4
cg21629384,1496,15,38243575.0,15.0,938,15,15,5
cg25225841,1497,15,41039134.0,15.0,939,15,15,6
cg14529224,1502,15,44119093.0,15.0,940,15,15,7
cg03026420,1503,15,45315313.0,15.0,941,15,15,8
cg18435832,1504,15,45671155.0,15.0,942,15,15,9
cg26804411,1505,15,48493739.0,15.0,943,15,15,10
cg07915221,1506,15,48497090.0,15.0,944,15,15,11
cg02606218,1507,15,49448019.0,15.0,945,15,15,12
cg13399569,1509,15,59040869.0,15.0,946,15,15,13
cg02971627,1510,15,59042282.0,15.0,947,15,15,14
cg12790106,1511,15,63105204.0,15.0,948,15,15,15
cg23837188,1512,15,63449871.0,15.0,949,15,15,16
cg19839691,1513,15,64673790.0,15.0,950,15,15,17
cg02018277,1514,15,65116255.0,15.0,951,15,15,18
cg11823654,1515,15,65117936.0,15.0,952,15,15,19
cg26795333,1517,15,67228722.0,15.0,953,15,15,20
cg25925833,1518,15,69113196.0,15.0,954,15,15,21
cg01024113,1519,15,70390440.0,15.0,955,15,15,22
cg18261836,1521,15,73915181.0,15.0,956,15,15,23
cg23705064,1522,15,74025634.0,15.0,957,15,15,24
cg12478809,1524,15,75230753.0,15.0,958,15,15,25
cg13271452,1529,15,78110857.0,15.0,959,15,15,26
cg01531949,1530,15,78442160.0,15.0,960,15,15,27
cg02927074,1531,15,80860549.0,15.0,961,15,15,28
cg16268380,1532,15,81294324.0,15.0,962,15,15,29
cg03723307,1534,15,81706448.0,15.0,963,15,15,30
cg16111239,1535,15,82338593.0,15.0,964,15,15,31
cg00515437,1536,15,83422206.0,15.0,965,15,15,32
cg17448023,1537,15,83478524.0,15.0,966,15,15,33
cg00979939,1538,15,83780355.0,15.0,967,15,15,34
cg12058947,1539,15,83876098.0,15.0,968,15,15,35
cg14908513,1540,15,84048308.0,15.0,969,15,15,36
cg07964527,1541,15,85534863.0,15.0,970,15,15,37
cg22681495,1542,15,86058755.0,15.0,971,15,15,38
cg26992010,1544,15,89951870.0,15.0,972,15,15,39
cg04857054,1545,15,90355385.0,15.0,973,15,15,40
cg05412210,1547,15,90780764.0,15.0,974,15,15,41
cg16800228,1549,15,95739493.0,15.0,975,15,15,42
cg13772742,1553,15,96878385.0,15.0,976,15,15,43
cg18980263,1554,15,97321776.0,15.0,977,15,15,44
cg25220320,1555,15,98065740.0,15.0,978,15,15,45
cg21746425,1556,15,99408804.0,15.0,979,15,15,46
cg01907085,1557,15,99602004.0,15.0,980,15,15,47
cg04822808,1558,15,100882162.0,15.0,981,15,15,48
cg00935108,1560,16,129562.0,16.0,982,16,16,1
cg10184845,1561,16,351867.0,16.0,983,16,16,2
cg01721754,1562,16,616935.0,16.0,984,16,16,3
cg01756899,1565,16,1070137.0,16.0,985,16,16,4
cg10148755,1566,16,1187889.0,16.0,986,16,16,5
cg09864325,1567,16,1193803.0,16.0,987,16,16,6
cg16454495,1568,16,1199966.0,16.0,988,16,16,7
cg00840270,1569,16,1231464.0,16.0,989,16,16,8
cg27107150,1570,16,1272275.0,16.0,990,16,16,9
cg10444556,1571,16,1663301.0,16.0,991,16,16,10
cg05617452,1572,16,1877333.0,16.0,992,16,16,11
cg04725426,1574,16,2131752.0,16.0,993,16,16,12
cg03438079,1575,16,2205188.0,16.0,994,16,16,13
cg00491180,1576,16,2892604.0,16.0,995,16,16,14
cg07751214,1577,16,3563741.0,16.0,996,16,16,15
cg04383436,1579,16,4659207.0,16.0,997,16,16,16
cg13516796,1581,16,5122251.0,16.0,998,16,16,17
cg00930515,1584,16,13646432.0,16.0,999,16,16,18
cg23635060,1585,16,14379351.0,16.0,1000,16,16,19
cg00355784,1587,16,15712868.0,16.0,1001,16,16,20
cg07734293,1588,16,16040682.0,16.0,1002,16,16,21
cg06138239,1590,16,19567590.0,16.0,1003,16,16,22
cg00419692,1592,16,22019138.0,16.0,1004,16,16,23
cg08082436,1594,16,24550148.0,16.0,1005,16,16,24
cg01387157,1595,16,25710802.0,16.0,1006,16,16,25
cg01235963,1596,16,28912148.0,16.0,1007,16,16,26
cg05990072,1597,16,28936708.0,16.0,1008,16,16,27
cg07300846,1599,16,29888571.0,16.0,1009,16,16,28
cg25463428,1600,16,30381109.0,16.0,1010,16,16,29
cg10185519,1601,16,30621987.0,16.0,1011,16,16,30
cg02256631,1602,16,31342952.0,16.0,1012,16,16,31
cg23185402,1603,16,47495113.0,16.0,1013,16,16,32
cg04106092,1604,16,47760096.0,16.0,1014,16,16,33
cg27431150,1608,16,50715135.0,16.0,1015,16,16,34
cg03999372,1609,16,54320672.0,16.0,1016,16,16,35
cg00220294,1610,16,54322494.0,16.0,1017,16,16,36
cg06923622,1611,16,54964737.0,16.0,1018,16,16,37
cg00094898,1612,16,55365950.0,16.0,1019,16,16,38
cg09564533,1614,16,56559196.0,16.0,1020,16,16,39
cg04190807,1616,16,58497230.0,16.0,1021,16,16,40
cg01733271,1617,16,58521840.0,16.0,1022,16,16,41
cg02801598,1618,16,66914223.0,16.0,1023,16,16,42
cg07469744,1620,16,67695950.0,16.0,1024,16,16,43
cg08520423,1621,16,68013968.0,16.0,1025,16,16,44
cg23401756,1622,16,68013981.0,16.0,1026,16,16,45
cg27014354,1623,16,69222573.0,16.0,1027,16,16,46
cg05596135,1625,16,72128010.0,16.0,1028,16,16,47
cg14054522,1626,16,72699064.0,16.0,1029,16,16,48
cg02126435,1629,16,74701421.0,16.0,1030,16,16,49
cg03930899,1630,16,74701487.0,16.0,1031,16,16,50
cg00928795,1631,16,75261098.0,16.0,1032,16,16,51
cg09635036,1633,16,77890949.0,16.0,1033,16,16,52
cg07504616,1634,16,79633542.0,16.0,1034,16,16,53
cg05852523,1640,16,82659960.0,16.0,1035,16,16,54
cg26735980,1641,16,83195465.0,16.0,1036,16,16,55
cg09188304,1644,16,84852691.0,16.0,1037,16,16,56
cg09111663,1645,16,85008849.0,16.0,1038,16,16,57
cg06744117,1646,16,85496711.0,16.0,1039,16,16,58
cg03709663,1647,16,85731277.0,16.0,1040,16,16,59
cg00709979,1648,16,85866348.0,16.0,1041,16,16,60
cg10050816,1650,16,86549237.0,16.0,1042,16,16,61
cg06980586,1652,16,88473102.0,16.0,1043,16,16,62
cg02779429,1653,16,88753010.0,16.0,1044,16,16,63
cg08317738,1654,16,89034292.0,16.0,1045,16,16,64
cg06552563,1656,16,89632749.0,16.0,1046,16,16,65
cg07183344,1657,16,89642413.0,16.0,1047,16,16,66
cg01161216,1658,16,89939448.0,16.0,1048,16,16,67
cg26879339,1659,16,89981919.0,16.0,1049,16,16,68
cg16611967,1660,16,90144006.0,16.0,1050,16,16,69
cg20398408,1661,17,781007.0,17.0,1051,17,17,1
cg14102880,1662,17,915634.0,17.0,1052,17,17,2
cg21923770,1663,17,1183159.0,17.0,1053,17,17,3
cg17258335,1666,17,1474778.0,17.0,1054,17,17,4
cg23679982,1667,17,1686737.0,17.0,1055,17,17,5
cg04462567,1672,17,6455368.0,17.0,1056,17,17,6
cg07322755,1673,17,6544456.0,17.0,1057,17,17,7
cg15298719,1674,17,7165255.0,17.0,1058,17,17,8
cg24037243,1675,17,8534057.0,17.0,1059,17,17,9
cg22257099,1677,17,17139986.0,17.0,1060,17,17,10
cg08875180,1679,17,21454528.0,17.0,1061,17,17,11
cg27645294,1680,17,21795257.0,17.0,1062,17,17,12
cg18030774,1681,17,26733294.0,17.0,1063,17,17,13
cg22176097,1682,17,27229885.0,17.0,1064,17,17,14
cg24689895,1683,17,27346926.0,17.0,1065,17,17,15
cg05933803,1685,17,27895641.0,17.0,1066,17,17,16
cg11257193,1687,17,28444188.0,17.0,1067,17,17,17
cg11637712,1691,17,36665844.0,17.0,1068,17,17,18
cg25401140,1692,17,37558857.0,17.0,1069,17,17,19
cg18482164,1693,17,37764118.0,17.0,1070,17,17,20
cg10289325,1694,17,37844171.0,17.0,1071,17,17,21
cg14592065,1695,17,38209993.0,17.0,1072,17,17,22
cg02337166,1696,17,38257303.0,17.0,1073,17,17,23
cg21656863,1697,17,39306381.0,17.0,1074,17,17,24
cg07098314,1698,17,39823360.0,17.0,1075,17,17,25
cg26987179,1699,17,40307119.0,17.0,1076,17,17,26
cg03580247,1701,17,42345488.0,17.0,1077,17,17,27
cg07918341,1702,17,42992709.0,17.0,1078,17,17,28
cg18878992,1703,17,43974344.0,17.0,1079,17,17,29
cg13825374,1706,17,45056626.0,17.0,1080,17,17,30
cg03263117,1707,17,45798767.0,17.0,1081,17,17,31
cg26888147,1708,17,45922479.0,17.0,1082,17,17,32
cg03272408,1709,17,46103607.0,17.0,1083,17,17,33
cg08089301,1710,17,46655561.0,17.0,1084,17,17,34
cg10633363,1711,17,46703854.0,17.0,1085,17,17,35
cg00986825,1712,17,48614425.0,17.0,1086,17,17,36
cg10820158,1713,17,53810813.0,17.0,1087,17,17,37
cg12744185,1714,17,53828387.0,17.0,1088,17,17,38
cg21218636,1715,17,53828515.0,17.0,1089,17,17,39
cg18907495,1716,17,53828548.0,17.0,1090,17,17,40
cg26308530,1723,17,63558518.0,17.0,1091,17,17,41
cg25160190,1725,17,65026636.0,17.0,1092,17,17,42
cg13451937,1726,17,67710309.0,17.0,1093,17,17,43
cg13755873,1728,17,70113187.0,17.0,1094,17,17,44
cg17379666,1729,17,71304784.0,17.0,1095,17,17,45
cg22121495,1730,17,71420061.0,17.0,1096,17,17,46
cg12536809,1732,17,72852514.0,17.0,1097,17,17,47
cg02546941,1733,17,73030677.0,17.0,1098,17,17,48
cg21879233,1734,17,73179358.0,17.0,1099,17,17,49
cg01511814,1736,17,73662545.0,17.0,1100,17,17,50
cg27576946,1737,17,73893202.0,17.0,1101,17,17,51
cg20565352,1738,17,74722032.0,17.0,1102,17,17,52
cg25277353,1739,17,74911529.0,17.0,1103,17,17,53
cg23541975,1740,17,75143184.0,17.0,1104,17,17,54
cg08502377,1741,17,75209944.0,17.0,1105,17,17,55
cg20030711,1742,17,75471308.0,17.0,1106,17,17,56
cg19829381,1743,17,76443304.0,17.0,1107,17,17,57
cg11859594,1744,17,76755745.0,17.0,1108,17,17,58
cg12031740,1745,17,76936927.0,17.0,1109,17,17,59
cg23882796,1747,17,77037938.0,17.0,1110,17,17,60
cg13392258,1750,17,77806190.0,17.0,1111,17,17,61
cg02386420,1751,17,78806870.0,17.0,1112,17,17,62
cg08034816,1753,17,79219380.0,17.0,1113,17,17,63
cg02159489,1754,17,79459563.0,17.0,1114,17,17,64
cg10460003,1755,17,79681865.0,17.0,1115,17,17,65
cg06085905,1757,17,80398117.0,17.0,1116,17,17,66
cg25442652,1758,17,80621718.0,17.0,1117,17,17,67
cg01536615,1759,17,80934976.0,17.0,1118,17,17,68
cg12899381,1760,18,5891602.0,18.0,1119,18,18,1
cg24452005,1762,18,9913478.0,18.0,1120,18,18,2
cg07114353,1766,18,20139442.0,18.0,1121,18,18,3
cg14157947,1767,18,20513080.0,18.0,1122,18,18,4
cg15535896,1769,18,21079381.0,18.0,1123,18,18,5
cg24474075,1771,18,32924093.0,18.0,1124,18,18,6
cg20875182,1776,18,44561130.0,18.0,1125,18,18,7
cg26223989,1781,18,60189751.0,18.0,1126,18,18,8
cg00474194,1783,18,67955861.0,18.0,1127,18,18,9
cg07611666,1785,18,74729481.0,18.0,1128,18,18,10
cg05528293,1787,18,74961138.0,18.0,1129,18,18,11
cg16059161,1788,18,76498163.0,18.0,1130,18,18,12
cg15644404,1789,18,77186268.0,18.0,1131,18,18,13
cg09759458,1790,19,480216.0,19.0,1132,19,19,1
cg16717578,1791,19,867030.0,19.0,1133,19,19,2
cg18022193,1792,19,913536.0,19.0,1134,19,19,3
cg23033430,1793,19,1847834.0,19.0,1135,19,19,4
cg07790733,1794,19,1868952.0,19.0,1136,19,19,5
cg02807008,1795,19,1910258.0,19.0,1137,19,19,6
cg11616651,1796,19,2251837.0,19.0,1138,19,19,7
cg18610079,1797,19,2430457.0,19.0,1139,19,19,8
cg17845532,1800,19,3786643.0,19.0,1140,19,19,9
cg10151741,1804,19,5340810.0,19.0,1141,19,19,10
cg00827581,1808,19,10434088.0,19.0,1142,19,19,11
cg11705439,1811,19,11546473.0,19.0,1143,19,19,12
cg06808897,1812,19,11590688.0,19.0,1144,19,19,13
cg04598224,1813,19,11784514.0,19.0,1145,19,19,14
cg01989908,1814,19,13120555.0,19.0,1146,19,19,15
cg27480573,1815,19,13811565.0,19.0,1147,19,19,16
cg13237829,1816,19,14640386.0,19.0,1148,19,19,17
cg19388017,1817,19,15285100.0,19.0,1149,19,19,18
cg06624547,1818,19,15724996.0,19.0,1150,19,19,19
cg20676255,1822,19,17762314.0,19.0,1151,19,19,20
cg00053073,1823,19,18337107.0,19.0,1152,19,19,21
cg01380346,1824,19,18557039.0,19.0,1153,19,19,22
cg19926776,1825,19,18682709.0,19.0,1154,19,19,23
cg22782873,1827,19,19639568.0,19.0,1155,19,19,24
cg03170611,1829,19,28284813.0,19.0,1156,19,19,25
cg17406023,1832,19,30942040.0,19.0,1157,19,19,26
cg16253115,1834,19,33781998.0,19.0,1158,19,19,27
cg04713352,1835,19,36055013.0,19.0,1159,19,19,28
cg04687310,1836,19,36340507.0,19.0,1160,19,19,29
cg08141172,1837,19,36351774.0,19.0,1161,19,19,30
cg05841303,1838,19,36359302.0,19.0,1162,19,19,31
cg24027100,1840,19,36822549.0,19.0,1163,19,19,32
cg07753791,1841,19,36980545.0,19.0,1164,19,19,33
cg25505109,1842,19,37001658.0,19.0,1165,19,19,34
cg19338222,1845,19,39052032.0,19.0,1166,19,19,35
cg18071809,1847,19,40023568.0,19.0,1167,19,19,36
cg26738904,1849,19,41082366.0,19.0,1168,19,19,37
cg25233685,1850,19,41115759.0,19.0,1169,19,19,38
cg13676449,1851,19,41620364.0,19.0,1170,19,19,39
cg18397073,1853,19,42600278.0,19.0,1171,19,19,40
cg07643904,1855,19,44100395.0,19.0,1172,19,19,41
cg00843105,1856,19,44645597.0,19.0,1173,19,19,42
cg07173973,1859,19,45596087.0,19.0,1174,19,19,43
cg07785444,1860,19,45664665.0,19.0,1175,19,19,44
cg17427418,1861,19,45908440.0,19.0,1176,19,19,45
cg01969392,1862,19,45954345.0,19.0,1177,19,19,46
cg25224222,1863,19,45971050.0,19.0,1178,19,19,47
cg08162850,1865,19,48352604.0,19.0,1179,19,19,48
cg21658372,1867,19,49176968.0,19.0,1180,19,19,49
cg25270788,1868,19,49497126.0,19.0,1181,19,19,50
cg04378167,1870,19,49944943.0,19.0,1182,19,19,51
cg18589960,1872,19,51220392.0,19.0,1183,19,19,52
cg23018063,1873,19,51531318.0,19.0,1184,19,19,53
cg24205048,1874,19,52133837.0,19.0,1185,19,19,54
cg16034991,1875,19,52146598.0,19.0,1186,19,19,55
cg07475954,1876,19,52222198.0,19.0,1187,19,19,56
cg02474116,1879,19,55625184.0,19.0,1188,19,19,57
cg04126816,1880,19,56159710.0,19.0,1189,19,19,58
cg02763101,1882,19,56904945.0,19.0,1190,19,19,59
cg08464824,1883,19,56904977.0,19.0,1191,19,19,60
cg15733932,1884,19,57629092.0,19.0,1192,19,19,61
cg21877656,1887,19,58662188.0,19.0,1193,19,19,62
cg21747958,1889,19,58740255.0,19.0,1194,19,19,63
cg03932398,1892,20,1206703.0,20.0,1195,20,20,1
cg00630020,1893,20,1306618.0,20.0,1196,20,20,2
cg16420636,1895,20,20693402.0,20.0,1197,20,20,3
cg05644321,1896,20,20693493.0,20.0,1198,20,20,4
cg17739841,1897,20,24450698.0,20.0,1199,20,20,5
cg05194250,1900,20,30192983.0,20.0,1200,20,20,6
cg02844985,1903,20,35374156.0,20.0,1201,20,20,7
cg05197133,1905,20,37005424.0,20.0,1202,20,20,8
cg01255591,1911,20,42965710.0,20.0,1203,20,20,9
cg06407657,1913,20,43937138.0,20.0,1204,20,20,10
cg11941941,1915,20,44719536.0,20.0,1205,20,20,11
cg13061637,1916,20,45523098.0,20.0,1206,20,20,12
cg17835207,1917,20,48524531.0,20.0,1207,20,20,13
cg14495732,1918,20,49620899.0,20.0,1208,20,20,14
cg22490000,1921,20,50808873.0,20.0,1209,20,20,15
cg23676369,1924,20,54987020.0,20.0,1210,20,20,16
cg16210447,1925,20,54987076.0,20.0,1211,20,20,17
cg03481465,1926,20,55043510.0,20.0,1212,20,20,18
cg16344227,1929,20,56064964.0,20.0,1213,20,20,19
cg25438683,1931,20,57428473.0,20.0,1214,20,20,20
cg03640203,1935,20,61145529.0,20.0,1215,20,20,21
cg08525481,1936,20,61436809.0,20.0,1216,20,20,22
cg10215330,1938,20,62046270.0,20.0,1217,20,20,23
cg01176363,1939,20,62369445.0,20.0,1218,20,20,24
cg00570697,1940,21,18885061.0,21.0,1219,21,21,1
cg10217445,1944,21,34397784.0,21.0,1220,21,21,2
cg16662267,1947,21,37442759.0,21.0,1221,21,21,3
cg19477942,1948,21,42064785.0,21.0,1222,21,21,4
cg12792526,1950,21,43098958.0,21.0,1223,21,21,5
cg25587200,1951,21,43491424.0,21.0,1224,21,21,6
cg21639922,1953,21,44089014.0,21.0,1225,21,21,7
cg02507175,1954,21,44394436.0,21.0,1226,21,21,8
cg08502703,1955,21,45138838.0,21.0,1227,21,21,9
cg12107699,1958,21,46238210.0,21.0,1228,21,21,10
cg04824666,1961,21,48085517.0,21.0,1229,21,21,11
cg26599006,1962,22,19137371.0,22.0,1230,22,22,1
cg25777153,1963,22,20008297.0,22.0,1231,22,22,2
cg16807241,1964,22,20851062.0,22.0,1232,22,22,3
cg22666875,1967,22,24348640.0,22.0,1233,22,22,4
cg20007245,1968,22,24372913.0,22.0,1234,22,22,5
cg05380919,1969,22,24376252.0,22.0,1235,22,22,6
cg01238044,1970,22,24384105.0,22.0,1236,22,22,7
cg01957799,1971,22,24384135.0,22.0,1237,22,22,8
cg01744396,1972,22,24384245.0,22.0,1238,22,22,9
cg10546252,1973,22,24384294.0,22.0,1239,22,22,10
cg20064778,1974,22,24384315.0,22.0,1240,22,22,11
cg24238852,1975,22,24384340.0,22.0,1241,22,22,12
cg01500431,1977,22,24388327.0,22.0,1242,22,22,13
cg01746044,1983,22,30234775.0,22.0,1243,22,22,14
cg26063087,1984,22,35695661.0,22.0,1244,22,22,15
cg01100330,1988,22,39639518.0,22.0,1245,22,22,16
cg10276465,1989,22,42470494.0,22.0,1246,22,22,17
cg01529207,1990,22,42485811.0,22.0,1247,22,22,18
cg18869709,1991,22,43342938.0,22.0,1248,22,22,19
cg04839422,1992,22,44287876.0,22.0,1249,22,22,20
cg10888337,1993,22,46366859.0,22.0,1250,22,22,21
cg00608467,1994,22,46546191.0,22.0,1251,22,22,22
cg16981421,1998,22,50529071.0,22.0,1252,22,22,23
cg00034755,1999,22,50918361.0,22.0,1253,22,22,24
cg27009105,0,,,,1254,unmapped,23,1
cg27435026,20,,,,1255,unmapped,23,2
cg23171908,23,,,,1256,unmapped,23,3
cg11915364,25,,,,1257,unmapped,23,4
cg15740693,27,,,,1258,unmapped,23,5
cg26577683,30,,,,1259,unmapped,23,6
cg07397757,36,,,,1260,unmapped,23,7
cg22956887,37,,,,1261,unmapped,23,8
cg13853877,41,,,,1262,unmapped,23,9
cg25951697,46,,,,1263,unmapped,23,10
cg14188831,47,,,,1264,unmapped,23,11
cg03257180,48,,,,1265,unmapped,23,12
cg21323039,52,,,,1266,unmapped,23,13
cg24821709,53,,,,1267,unmapped,23,14
cg12283656,58,,,,1268,unmapped,23,15
cg12871964,60,,,,1269,unmapped,23,16
cg24813313,61,,,,1270,unmapped,23,17
cg17978013,65,,,,1271,unmapped,23,18
cg27628414,66,,,,1272,unmapped,23,19
cg23065788,69,,,,1273,unmapped,23,20
cg13834343,70,,,,1274,unmapped,23,21
cg06051201,71,,,,1275,unmapped,23,22
cg14297579,73,,,,1276,unmapped,23,23
cg04364271,74,,,,1277,unmapped,23,24
cg16204198,76,,,,1278,unmapped,23,25
cg07489891,78,,,,1279,unmapped,23,26
cg22496173,80,,,,1280,unmapped,23,27
cg13452062,86,,,,1281,unmapped,23,28
cg14801403,87,,,,1282,unmapped,23,29
cg04792395,88,,,,1283,unmapped,23,30
cg26755729,91,,,,1284,unmapped,23,31
cg07717317,95,,,,1285,unmapped,23,32
cg20634476,96,,,,1286,unmapped,23,33
cg06828260,98,,,,1287,unmapped,23,34
cg21371986,101,,,,1288,unmapped,23,35
cg01849514,102,,,,1289,unmapped,23,36
cg05918124,104,,,,1290,unmapped,23,37
cg25692530,105,,,,1291,unmapped,23,38
cg14981978,106,,,,1292,unmapped,23,39
cg14756463,107,,,,1293,unmapped,23,40
cg19288389,109,,,,1294,unmapped,23,41
cg13938497,110,,,,1295,unmapped,23,42
cg07959977,112,,,,1296,unmapped,23,43
cg13712171,113,,,,1297,unmapped,23,44
cg01930991,114,,,,1298,unmapped,23,45
cg17251401,119,,,,1299,unmapped,23,46
cg08155129,123,,,,1300,unmapped,23,47
cg22100363,133,,,,1301,unmapped,23,48
cg21535470,135,,,,1302,unmapped,23,49
cg05753482,136,,,,1303,unmapped,23,50
cg25470966,137,,,,1304,unmapped,23,51
cg03923117,141,,,,1305,unmapped,23,52
cg25542336,144,,,,1306,unmapped,23,53
cg21672435,146,,,,1307,unmapped,23,54
cg04056665,147,,,,1308,unmapped,23,55
cg09357881,151,,,,1309,unmapped,23,56
cg07140337,157,,,,1310,unmapped,23,57
cg20449587,163,,,,1311,unmapped,23,58
cg02805410,169,,,,1312,unmapped,23,59
cg00692338,171,,,,1313,unmapped,23,60
cg15131710,172,,,,1314,unmapped,23,61
cg18534458,173,,,,1315,unmapped,23,62
cg00488012,174,,,,1316,unmapped,23,63
cg01437356,177,,,,1317,unmapped,23,64
cg00133116,178,,,,1318,unmapped,23,65
cg20471025,181,,,,1319,unmapped,23,66
cg15677797,184,,,,1320,unmapped,23,67
cg26941949,185,,,,1321,unmapped,23,68
cg08128683,186,,,,1322,unmapped,23,69
cg13922241,188,,,,1323,unmapped,23,70
cg12031741,190,,,,1324,unmapped,23,71
cg15802135,191,,,,1325,unmapped,23,72
cg18458775,195,,,,1326,unmapped,23,73
cg04682077,198,,,,1327,unmapped,23,74
cg03362174,201,,,,1328,unmapped,23,75
cg25274833,203,,,,1329,unmapped,23,76
cg25532922,208,,,,1330,unmapped,23,77
cg06000491,210,,,,1331,unmapped,23,78
cg26157145,211,,,,1332,unmapped,23,79
cg23473493,214,,,,1333,unmapped,23,80
cg23298300,222,,,,1334,unmapped,23,81
cg08685562,223,,,,1335,unmapped,23,82
cg18490567,226,,,,1336,unmapped,23,83
cg01961410,234,,,,1337,unmapped,23,84
cg17256334,235,,,,1338,unmapped,23,85
cg15654551,241,,,,1339,unmapped,23,86
cg02704963,242,,,,1340,unmapped,23,87
cg04367512,244,,,,1341,unmapped,23,88
cg11201567,246,,,,1342,unmapped,23,89
cg12099356,247,,,,1343,unmapped,23,90
cg08467793,250,,,,1344,unmapped,23,91
cg00198066,252,,,,1345,unmapped,23,92
cg05166079,253,,,,1346,unmapped,23,93
cg12929784,254,,,,1347,unmapped,23,94
cg16372630,255,,,,1348,unmapped,23,95
cg27565363,256,,,,1349,unmapped,23,96
cg10699296,258,,,,1350,unmapped,23,97
cg18956199,259,,,,1351,unmapped,23,98
cg00055595,261,,,,1352,unmapped,23,99
cg25596575,263,,,,1353,unmapped,23,100
cg24091001,264,,,,1354,unmapped,23,101
cg04523891,272,,,,1355,unmapped,23,102
cg22660775,276,,,,1356,unmapped,23,103
cg17841227,280,,,,1357,unmapped,23,104
cg17965945,282,,,,1358,unmapped,23,105
cg02344276,284,,,,1359,unmapped,23,106
cg25683024,286,,,,1360,unmapped,23,107
cg24434952,294,,,,1361,unmapped,23,108
cg19564050,296,,,,1362,unmapped,23,109
cg10683875,297,,,,1363,unmapped,23,110
cg09227466,298,,,,1364,unmapped,23,111
cg26335873,300,,,,1365,unmapped,23,112
cg00682037,301,,,,1366,unmapped,23,113
cg09633301,309,,,,1367,unmapped,23,114
cg06653258,310,,,,1368,unmapped,23,115
cg27624990,315,,,,1369,unmapped,23,116
cg01286499,318,,,,1370,unmapped,23,117
cg19001357,319,,,,1371,unmapped,23,118
cg22110662,326,,,,1372,unmapped,23,119
cg17107014,336,,,,1373,unmapped,23,120
cg13780249,342,,,,1374,unmapped,23,121
cg05824275,344,,,,1375,unmapped,23,122
cg27526043,345,,,,1376,unmapped,23,123
cg15423991,346,,,,1377,unmapped,23,124
cg05216833,347,,,,1378,unmapped,23,125
cg01568402,349,,,,1379,unmapped,23,126
cg02184183,351,,,,1380,unmapped,23,127
cg21055985,353,,,,1381,unmapped,23,128
cg23202225,358,,,,1382,unmapped,23,129
cg01004200,363,,,,1383,unmapped,23,130
cg12302557,365,,,,1384,unmapped,23,131
cg25550461,366,,,,1385,unmapped,23,132
cg21511969,367,,,,1386,unmapped,23,133
cg20488131,375,,,,1387,unmapped,23,134
cg21028251,376,,,,1388,unmapped,23,135
cg01280283,377,,,,1389,unmapped,23,136
cg08630465,381,,,,1390,unmapped,23,137
cg25606234,382,,,,1391,unmapped,23,138
cg00705638,383,,,,1392,unmapped,23,139
cg02591428,387,,,,1393,unmapped,23,140
cg00530671,388,,,,1394,unmapped,23,141
cg26050892,389,,,,1395,unmapped,23,142
cg23920494,394,,,,1396,unmapped,23,143
cg24655016,396,,,,1397,unmapped,23,144
cg23707559,397,,,,1398,unmapped,23,145
cg05126860,399,,,,1399,unmapped,23,146
cg08983650,402,,,,1400,unmapped,23,147
cg15038303,405,,,,1401,unmapped,23,148
cg15991434,413,,,,1402,unmapped,23,149
cg06264320,415,,,,1403,unmapped,23,150
cg06024287,426,,,,1404,unmapped,23,151
cg27258208,434,,,,1405,unmapped,23,152
cg27161115,437,,,,1406,unmapped,23,153
cg05502442,438,,,,1407,unmapped,23,154
cg16555304,439,,,,1408,unmapped,23,155
cg05548903,441,,,,1409,unmapped,23,156
cg20796651,442,,,,1410,unmapped,23,157
cg04031201,444,,,,1411,unmapped,23,158
cg23453322,446,,,,1412,unmapped,23,159
cg20336757,447,,,,1413,unmapped,23,160
cg06288054,450,,,,1414,unmapped,23,161
cg18637843,452,,,,1415,unmapped,23,162
cg25268437,453,,,,1416,unmapped,23,163
cg05740608,457,,,,1417,unmapped,23,164
cg14696467,459,,,,1418,unmapped,23,165
cg25379588,461,,,,1419,unmapped,23,166
cg09753900,466,,,,1420,unmapped,23,167
cg23920442,481,,,,1421,unmapped,23,168
cg05392540,485,,,,1422,unmapped,23,169
cg17504065,494,,,,1423,unmapped,23,170
cg03955497,502,,,,1424,unmapped,23,171
cg20007063,506,,,,1425,unmapped,23,172
cg18310072,508,,,,1426,unmapped,23,173
cg14494108,512,,,,1427,unmapped,23,174
cg14972477,513,,,,1428,unmapped,23,175
cg17260712,515,,,,1429,unmapped,23,176
cg02416801,516,,,,1430,unmapped,23,177
cg01655210,517,,,,1431,unmapped,23,178
cg22672453,518,,,,1432,unmapped,23,179
cg25298959,521,,,,1433,unmapped,23,180
cg06503415,523,,,,1434,unmapped,23,181
cg19330204,525,,,,1435,unmapped,23,182
cg13627691,526,,,,1436,unmapped,23,183
cg19805434,529,,,,1437,unmapped,23,184
cg05335423,530,,,,1438,unmapped,23,185
cg08637322,531,,,,1439,unmapped,23,186
cg21708817,536,,,,1440,unmapped,23,187
cg12762851,537,,,,1441,unmapped,23,188
cg19844287,538,,,,1442,unmapped,23,189
cg06205611,540,,,,1443,unmapped,23,190
cg07355593,542,,,,1444,unmapped,23,191
cg24354105,543,,,,1445,unmapped,23,192
cg26642669,544,,,,1446,unmapped,23,193
cg22977618,545,,,,1447,unmapped,23,194
cg07830403,547,,,,1448,unmapped,23,195
cg00262850,548,,,,1449,unmapped,23,196
cg09613833,549,,,,1450,unmapped,23,197
cg02532751,550,,,,1451,unmapped,23,198
cg16948367,553,,,,1452,unmapped,23,199
cg06892714,554,,,,1453,unmapped,23,200
cg03624563,555,,,,1454,unmapped,23,201
cg01564232,556,,,,1455,unmapped,23,202
cg14003883,557,,,,1456,unmapped,23,203
cg10054878,564,,,,1457,unmapped,23,204
cg05735139,567,,,,1458,unmapped,23,205
cg25453800,569,,,,1459,unmapped,23,206
cg13802419,570,,,,1460,unmapped,23,207
cg15865714,571,,,,1461,unmapped,23,208
cg11998449,573,,,,1462,unmapped,23,209
cg01308736,577,,,,1463,unmapped,23,210
cg16877957,580,,,,1464,unmapped,23,211
cg09207053,586,,,,1465,unmapped,23,212
cg20299485,588,,,,1466,unmapped,23,213
cg09676944,589,,,,1467,unmapped,23,214
cg03192273,590,,,,1468,unmapped,23,215
cg11102724,591,,,,1469,unmapped,23,216
cg11270644,592,,,,1470,unmapped,23,217
cg21702441,594,,,,1471,unmapped,23,218
cg22636811,596,,,,1472,unmapped,23,219
cg08055971,604,,,,1473,unmapped,23,220
cg23217383,607,,,,1474,unmapped,23,221
cg19267092,612,,,,1475,unmapped,23,222
cg20427449,616,,,,1476,unmapped,23,223
cg04481635,619,,,,1477,unmapped,23,224
cg02247378,624,,,,1478,unmapped,23,225
cg04086778,626,,,,1479,unmapped,23,226
cg06506352,630,,,,1480,unmapped,23,227
cg06064379,633,,,,1481,unmapped,23,228
cg07272015,636,,,,1482,unmapped,23,229
cg11173615,637,,,,1483,unmapped,23,230
cg12500750,638,,,,1484,unmapped,23,231
cg08846579,640,,,,1485,unmapped,23,232
cg22287461,641,,,,1486,unmapped,23,233
cg00422068,642,,,,1487,unmapped,23,234
cg05935576,644,,,,1488,unmapped,23,235
cg27338525,646,,,,1489,unmapped,23,236
cg02928663,647,,,,1490,unmapped,23,237
cg26904005,659,,,,1491,unmapped,23,238
cg08091743,668,,,,1492,unmapped,23,239
cg00699601,676,,,,1493,unmapped,23,240
cg11214115,684,,,,1494,unmapped,23,241
cg25907322,686,,,,1495,unmapped,23,242
cg13694785,693,,,,1496,unmapped,23,243
cg00014991,695,,,,1497,unmapped,23,244
cg20503336,699,,,,1498,unmapped,23,245
cg14391978,700,,,,1499,unmapped,23,246
cg16571722,701,,,,1500,unmapped,23,247
cg01690073,703,,,,1501,unmapped,23,248
cg10895482,713,,,,1502,unmapped,23,249
cg23604543,716,,,,1503,unmapped,23,250
cg25195373,720,,,,1504,unmapped,23,251
cg16789867,721,,,,1505,unmapped,23,252
cg25127451,723,,,,1506,unmapped,23,253
cg18941851,725,,,,1507,unmapped,23,254
cg14041438,726,,,,1508,unmapped,23,255
cg12229459,727,,,,1509,unmapped,23,256
cg11111991,728,,,,1510,unmapped,23,257
cg08148659,730,,,,1511,unmapped,23,258
cg21822514,731,,,,1512,unmapped,23,259
cg01145604,733,,,,1513,unmapped,23,260
cg24699026,736,,,,1514,unmapped,23,261
cg19333433,737,,,,1515,unmapped,23,262
cg23214491,739,,,,1516,unmapped,23,263
cg24970955,740,,,,1517,unmapped,23,264
cg10780418,742,,,,1518,unmapped,23,265
cg10033267,748,,,,1519,unmapped,23,266
cg15786238,756,,,,1520,unmapped,23,267
cg27625637,758,,,,1521,unmapped,23,268
cg02291032,768,,,,1522,unmapped,23,269
cg22874789,769,,,,1523,unmapped,23,270
cg10465858,770,,,,1524,unmapped,23,271
cg04867226,772,,,,1525,unmapped,23,272
cg06208121,775,,,,1526,unmapped,23,273
cg01468161,776,,,,1527,unmapped,23,274
cg18338518,778,,,,1528,unmapped,23,275
cg21890648,786,,,,1529,unmapped,23,276
cg25547072,789,,,,1530,unmapped,23,277
cg16232391,790,,,,1531,unmapped,23,278
cg02994918,791,,,,1532,unmapped,23,279
cg04212812,792,,,,1533,unmapped,23,280
cg02964211,796,,,,1534,unmapped,23,281
cg26101722,797,,,,1535,unmapped,23,282
cg17473364,798,,,,1536,unmapped,23,283
cg09865216,804,,,,1537,unmapped,23,284
cg12685253,805,,,,1538,unmapped,23,285
cg23661451,808,,,,1539,unmapped,23,286
cg17846504,810,,,,1540,unmapped,23,287
cg16274784,813,,,,1541,unmapped,23,288
cg04039547,814,,,,1542,unmapped,23,289
cg14229729,820,,,,1543,unmapped,23,290
cg26179807,825,,,,1544,unmapped,23,291
cg14187696,827,,,,1545,unmapped,23,292
cg05915202,829,,,,1546,unmapped,23,293
cg12166738,830,,,,1547,unmapped,23,294
cg13689959,832,,,,1548,unmapped,23,295
cg05298563,841,,,,1549,unmapped,23,296
cg05201040,845,,,,1550,unmapped,23,297
cg07850156,847,,,,1551,unmapped,23,298
cg11091623,848,,,,1552,unmapped,23,299
cg16805864,850,,,,1553,unmapped,23,300
cg04845566,853,,,,1554,unmapped,23,301
cg16818257,855,,,,1555,unmapped,23,302
cg16847766,856,,,,1556,unmapped,23,303
cg22343048,859,,,,1557,unmapped,23,304
cg03424860,869,,,,1558,unmapped,23,305
cg18624032,879,,,,1559,unmapped,23,306
cg04138735,880,,,,1560,unmapped,23,307
cg01772908,884,,,,1561,unmapped,23,308
cg24637276,889,,,,1562,unmapped,23,309
cg10958399,892,,,,1563,unmapped,23,310
cg14938560,893,,,,1564,unmapped,23,311
cg22364803,894,,,,1565,unmapped,23,312
cg21615780,897,,,,1566,unmapped,23,313
cg16913360,899,,,,1567,unmapped,23,314
cg12453552,900,,,,1568,unmapped,23,315
cg13558764,903,,,,1569,unmapped,23,316
cg20899978,907,,,,1570,unmapped,23,317
cg08446032,909,,,,1571,unmapped,23,318
cg07814260,910,,,,1572,unmapped,23,319
cg14935995,911,,,,1573,unmapped,23,320
cg11716789,912,,,,1574,unmapped,23,321
cg06838052,913,,,,1575,unmapped,23,322
cg00678354,914,,,,1576,unmapped,23,323
cg13861926,920,,,,1577,unmapped,23,324
cg18643945,922,,,,1578,unmapped,23,325
cg25429286,923,,,,1579,unmapped,23,326
cg08793540,926,,,,1580,unmapped,23,327
cg01751027,929,,,,1581,unmapped,23,328
cg18903946,930,,,,1582,unmapped,23,329
cg26443106,934,,,,1583,unmapped,23,330
cg03364813,936,,,,1584,unmapped,23,331
cg01347879,940,,,,1585,unmapped,23,332
cg27336113,941,,,,1586,unmapped,23,333
cg01075761,942,,,,1587,unmapped,23,334
cg15738394,943,,,,1588,unmapped,23,335
cg18873141,950,,,,1589,unmapped,23,336
cg20597540,954,,,,1590,unmapped,23,337
cg14141451,957,,,,1591,unmapped,23,338
cg09649046,962,,,,1592,unmapped,23,339
cg06382090,964,,,,1593,unmapped,23,340
cg14019393,967,,,,1594,unmapped,23,341
cg04478861,968,,,,1595,unmapped,23,342
cg00088747,969,,,,1596,unmapped,23,343
cg21724662,970,,,,1597,unmapped,23,344
cg04391612,971,,,,1598,unmapped,23,345
cg26485890,972,,,,1599,unmapped,23,346
cg10019593,974,,,,1600,unmapped,23,347
cg06955353,975,,,,1601,unmapped,23,348
cg13109095,976,,,,1602,unmapped,23,349
cg17068812,977,,,,1603,unmapped,23,350
cg08245575,978,,,,1604,unmapped,23,351
cg07914267,984,,,,1605,unmapped,23,352
cg12736003,985,,,,1606,unmapped,23,353
cg15194998,988,,,,1607,unmapped,23,354
cg16554882,989,,,,1608,unmapped,23,355
cg05856099,990,,,,1609,unmapped,23,356
cg21901859,991,,,,1610,unmapped,23,357
cg22613296,994,,,,1611,unmapped,23,358
cg00881945,995,,,,1612,unmapped,23,359
cg05916357,997,,,,1613,unmapped,23,360
cg04850714,1001,,,,1614,unmapped,23,361
cg22434220,1002,,,,1615,unmapped,23,362
cg02378763,1003,,,,1616,unmapped,23,363
cg06450956,1004,,,,1617,unmapped,23,364
cg09935124,1008,,,,1618,unmapped,23,365
cg16842039,1011,,,,1619,unmapped,23,366
cg09206169,1012,,,,1620,unmapped,23,367
cg24798854,1013,,,,1621,unmapped,23,368
cg16187328,1016,,,,1622,unmapped,23,369
cg06254513,1023,,,,1623,unmapped,23,370
cg10745532,1024,,,,1624,unmapped,23,371
cg25358949,1027,,,,1625,unmapped,23,372
cg27349434,1029,,,,1626,unmapped,23,373
cg21322043,1030,,,,1627,unmapped,23,374
cg25253080,1032,,,,1628,unmapped,23,375
cg01283398,1035,,,,1629,unmapped,23,376
cg26213851,1037,,,,1630,unmapped,23,377
cg10439678,1041,,,,1631,unmapped,23,378
cg05376034,1042,,,,1632,unmapped,23,379
cg12653707,1043,,,,1633,unmapped,23,380
cg06997771,1050,,,,1634,unmapped,23,381
cg05533932,1051,,,,1635,unmapped,23,382
cg26919254,1054,,,,1636,unmapped,23,383
cg21003497,1068,,,,1637,unmapped,23,384
cg15503544,1070,,,,1638,unmapped,23,385
cg13174001,1073,,,,1639,unmapped,23,386
cg07204602,1074,,,,1640,unmapped,23,387
cg07988039,1075,,,,1641,unmapped,23,388
cg19503359,1076,,,,1642,unmapped,23,389
cg11551901,1078,,,,1643,unmapped,23,390
cg05533905,1079,,,,1644,unmapped,23,391
cg00380247,1081,,,,1645,unmapped,23,392
cg01697022,1082,,,,1646,unmapped,23,393
cg03860236,1088,,,,1647,unmapped,23,394
cg23788374,1089,,,,1648,unmapped,23,395
cg26081710,1090,,,,1649,unmapped,23,396
cg02813550,1091,,,,1650,unmapped,23,397
cg21058451,1092,,,,1651,unmapped,23,398
cg10690481,1095,,,,1652,unmapped,23,399
cg09557726,1098,,,,1653,unmapped,23,400
cg12265916,1103,,,,1654,unmapped,23,401
cg17434842,1104,,,,1655,unmapped,23,402
cg20088005,1107,,,,1656,unmapped,23,403
cg00530093,1108,,,,1657,unmapped,23,404
cg14620948,1114,,,,1658,unmapped,23,405
cg02000926,1116,,,,1659,unmapped,23,406
cg06941527,1117,,,,1660,unmapped,23,407
cg16825906,1128,,,,1661,unmapped,23,408
cg27072332,1135,,,,1662,unmapped,23,409
cg26263166,1136,,,,1663,unmapped,23,410
cg00364778,1148,,,,1664,unmapped,23,411
cg26847010,1149,,,,1665,unmapped,23,412
cg21426052,1151,,,,1666,unmapped,23,413
cg10932167,1154,,,,1667,unmapped,23,414
cg02914164,1159,,,,1668,unmapped,23,415
cg07033494,1160,,,,1669,unmapped,23,416
cg05341234,1165,,,,1670,unmapped,23,417
cg07398106,1168,,,,1671,unmapped,23,418
cg27500144,1169,,,,1672,unmapped,23,419
cg07263446,1171,,,,1673,unmapped,23,420
cg01729197,1173,,,,1674,unmapped,23,421
cg04074894,1174,,,,1675,unmapped,23,422
cg13223726,1175,,,,1676,unmapped,23,423
cg03870002,1176,,,,1677,unmapped,23,424
cg17063544,1178,,,,1678,unmapped,23,425
cg03708544,1179,,,,1679,unmapped,23,426
cg00823688,1182,,,,1680,unmapped,23,427
cg00148608,1186,,,,1681,unmapped,23,428
cg04266393,1187,,,,1682,unmapped,23,429
cg20249500,1188,,,,1683,unmapped,23,430
cg22046628,1189,,,,1684,unmapped,23,431
cg01229793,1190,,,,1685,unmapped,23,432
cg13938107,1196,,,,1686,unmapped,23,433
cg20498790,1199,,,,1687,unmapped,23,434
cg11595218,1201,,,,1688,unmapped,23,435
cg10570675,1206,,,,1689,unmapped,23,436
cg16550198,1211,,,,1690,unmapped,23,437
cg16743318,1212,,,,1691,unmapped,23,438
cg03834478,1215,,,,1692,unmapped,23,439
cg14701795,1221,,,,1693,unmapped,23,440
cg25754015,1222,,,,1694,unmapped,23,441
cg03706479,1223,,,,1695,unmapped,23,442
cg23923340,1224,,,,1696,unmapped,23,443
cg00100844,1227,,,,1697,unmapped,23,444
cg05535785,1231,,,,1698,unmapped,23,445
cg17837528,1232,,,,1699,unmapped,23,446
cg22090055,1233,,,,1700,unmapped,23,447
cg00429476,1235,,,,1701,unmapped,23,448
cg17080216,1236,,,,1702,unmapped,23,449
cg22561966,1237,,,,1703,unmapped,23,450
cg02967486,1240,,,,1704,unmapped,23,451
cg26167186,1243,,,,1705,unmapped,23,452
cg14940505,1247,,,,1706,unmapped,23,453
cg08308942,1250,,,,1707,unmapped,23,454
cg24466836,1251,,,,1708,unmapped,23,455
cg18396585,1252,,,,1709,unmapped,23,456
cg06095406,1260,,,,1710,unmapped,23,457
cg15559076,1261,,,,1711,unmapped,23,458
cg05476733,1262,,,,1712,unmapped,23,459
cg21770200,1264,,,,1713,unmapped,23,460
cg14855342,1267,,,,1714,unmapped,23,461
cg06542609,1268,,,,1715,unmapped,23,462
cg07184032,1271,,,,1716,unmapped,23,463
cg26931655,1273,,,,1717,unmapped,23,464
cg07916784,1274,,,,1718,unmapped,23,465
cg16390418,1275,,,,1719,unmapped,23,466
cg23554150,1276,,,,1720,unmapped,23,467
cg27232240,1279,,,,1721,unmapped,23,468
cg07324869,1280,,,,1722,unmapped,23,469
cg03308012,1281,,,,1723,unmapped,23,470
cg21652108,1283,,,,1724,unmapped,23,471
cg07704374,1285,,,,1725,unmapped,23,472
cg23916522,1287,,,,1726,unmapped,23,473
cg05554171,1289,,,,1727,unmapped,23,474
cg19708747,1292,,,,1728,unmapped,23,475
cg24404118,1294,,,,1729,unmapped,23,476
cg16276053,1295,,,,1730,unmapped,23,477
cg10737401,1298,,,,1731,unmapped,23,478
cg23341351,1304,,,,1732,unmapped,23,479
cg06556439,1305,,,,1733,unmapped,23,480
cg00501189,1307,,,,1734,unmapped,23,481
cg01468539,1309,,,,1735,unmapped,23,482
cg08447262,1313,,,,1736,unmapped,23,483
cg16242775,1317,,,,1737,unmapped,23,484
cg07127401,1326,,,,1738,unmapped,23,485
cg10948751,1327,,,,1739,unmapped,23,486
cg20199165,1328,,,,1740,unmapped,23,487
cg02229490,1329,,,,1741,unmapped,23,488
cg00814110,1333,,,,1742,unmapped,23,489
cg11313694,1334,,,,1743,unmapped,23,490
cg15299969,1335,,,,1744,unmapped,23,491
cg02183364,1341,,,,1745,unmapped,23,492
cg04801236,1343,,,,1746,unmapped,23,493
cg24150245,1345,,,,1747,unmapped,23,494
cg25370859,1346,,,,1748,unmapped,23,495
cg24389111,1349,,,,1749,unmapped,23,496
cg22197898,1351,,,,1750,unmapped,23,497
cg06999195,1352,,,,1751,unmapped,23,498
cg11769528,1355,,,,1752,unmapped,23,499
cg20395744,1357,,,,1753,unmapped,23,500
cg24389739,1358,,,,1754,unmapped,23,501
cg07247150,1360,,,,1755,unmapped,23,502
cg11738669,1361,,,,1756,unmapped,23,503
cg01988523,1362,,,,1757,unmapped,23,504
cg12193997,1363,,,,1758,unmapped,23,505
cg09552189,1364,,,,1759,unmapped,23,506
cg00048066,1366,,,,1760,unmapped,23,507
cg17120358,1367,,,,1761,unmapped,23,508
cg20337110,1368,,,,1762,unmapped,23,509
cg08256017,1369,,,,1763,unmapped,23,510
cg14220034,1370,,,,1764,unmapped,23,511
cg18845131,1372,,,,1765,unmapped,23,512
cg24172054,1374,,,,1766,unmapped,23,513
cg01483184,1376,,,,1767,unmapped,23,514
cg18923655,1378,,,,1768,unmapped,23,515
cg08395560,1382,,,,1769,unmapped,23,516
cg17078130,1386,,,,1770,unmapped,23,517
cg26044542,1387,,,,1771,unmapped,23,518
cg19342952,1388,,,,1772,unmapped,23,519
cg18288691,1392,,,,1773,unmapped,23,520
cg18020869,1393,,,,1774,unmapped,23,521
cg08587904,1397,,,,1775,unmapped,23,522
cg07030835,1398,,,,1776,unmapped,23,523
cg19104068,1401,,,,1777,unmapped,23,524
cg25738313,1402,,,,1778,unmapped,23,525
cg24592389,1408,,,,1779,unmapped,23,526
cg04955641,1410,,,,1780,unmapped,23,527
cg04348677,1411,,,,1781,unmapped,23,528
cg15551993,1414,,,,1782,unmapped,23,529
cg10389399,1415,,,,1783,unmapped,23,530
cg12286646,1422,,,,1784,unmapped,23,531
cg05703258,1431,,,,1785,unmapped,23,532
cg27207358,1434,,,,1786,unmapped,23,533
cg22424909,1436,,,,1787,unmapped,23,534
cg12882503,1437,,,,1788,unmapped,23,535
cg22202600,1450,,,,1789,unmapped,23,536
cg23332330,1451,,,,1790,unmapped,23,537
cg01918128,1460,,,,1791,unmapped,23,538
cg26251192,1461,,,,1792,unmapped,23,539
cg07103235,1462,,,,1793,unmapped,23,540
cg26025596,1463,,,,1794,unmapped,23,541
cg12508994,1465,,,,1795,unmapped,23,542
cg03712506,1467,,,,1796,unmapped,23,543
cg13256819,1468,,,,1797,unmapped,23,544
cg02573238,1469,,,,1798,unmapped,23,545
cg19701560,1471,,,,1799,unmapped,23,546
cg09248282,1472,,,,1800,unmapped,23,547
cg10166148,1475,,,,1801,unmapped,23,548
cg11054527,1479,,,,1802,unmapped,23,549
cg00329022,1481,,,,1803,unmapped,23,550
cg17806522,1483,,,,1804,unmapped,23,551
cg18615537,1484,,,,1805,unmapped,23,552
cg03094559,1487,,,,1806,unmapped,23,553
cg15766207,1489,,,,1807,unmapped,23,554
cg09139353,1490,,,,1808,unmapped,23,555
cg25792507,1491,,,,1809,unmapped,23,556
cg19702085,1494,,,,1810,unmapped,23,557
cg24010371,1495,,,,1811,unmapped,23,558
cg05080764,1498,,,,1812,unmapped,23,559
cg27179935,1499,,,,1813,unmapped,23,560
cg20871528,1500,,,,1814,unmapped,23,561
cg02617107,1501,,,,1815,unmapped,23,562
cg17586538,1508,,,,1816,unmapped,23,563
cg08349938,1516,,,,1817,unmapped,23,564
cg15277473,1520,,,,1818,unmapped,23,565
cg26426147,1523,,,,1819,unmapped,23,566
cg03836261,1525,,,,1820,unmapped,23,567
cg11384517,1526,,,,1821,unmapped,23,568
cg19874685,1527,,,,1822,unmapped,23,569
cg14310021,1528,,,,1823,unmapped,23,570
cg07696022,1533,,,,1824,unmapped,23,571
cg05733633,1543,,,,1825,unmapped,23,572
cg12953771,1546,,,,1826,unmapped,23,573
cg26156058,1548,,,,1827,unmapped,23,574
cg25619350,1550,,,,1828,unmapped,23,575
cg27225154,1551,,,,1829,unmapped,23,576
cg21965065,1552,,,,1830,unmapped,23,577
cg18248065,1559,,,,1831,unmapped,23,578
cg14744841,1563,,,,1832,unmapped,23,579
cg24638462,1564,,,,1833,unmapped,23,580
cg16465598,1573,,,,1834,unmapped,23,581
cg17588805,1578,,,,1835,unmapped,23,582
cg02866343,1580,,,,1836,unmapped,23,583
cg00595754,1582,,,,1837,unmapped,23,584
cg12349679,1583,,,,1838,unmapped,23,585
cg05194847,1586,,,,1839,unmapped,23,586
cg15220216,1589,,,,1840,unmapped,23,587
cg24523635,1591,,,,1841,unmapped,23,588
cg15656971,1593,,,,1842,unmapped,23,589
cg06890619,1598,,,,1843,unmapped,23,590
cg13624095,1605,,,,1844,unmapped,23,591
cg21904271,1606,,,,1845,unmapped,23,592
cg19524131,1607,,,,1846,unmapped,23,593
cg00287699,1613,,,,1847,unmapped,23,594
cg23516372,1615,,,,1848,unmapped,23,595
cg19649366,1619,,,,1849,unmapped,23,596
cg18682087,1624,,,,1850,unmapped,23,597
cg23274883,1627,,,,1851,unmapped,23,598
cg15715619,1628,,,,1852,unmapped,23,599
cg04615913,1632,,,,1853,unmapped,23,600
cg02502403,1635,,,,1854,unmapped,23,601
cg08358991,1636,,,,1855,unmapped,23,602
cg19516385,1637,,,,1856,unmapped,23,603
cg05556931,1638,,,,1857,unmapped,23,604
cg10292801,1639,,,,1858,unmapped,23,605
cg09878536,1642,,,,1859,unmapped,23,606
cg17866378,1643,,,,1860,unmapped,23,607
cg22431329,1649,,,,1861,unmapped,23,608
cg24046935,1651,,,,1862,unmapped,23,609
cg12571007,1655,,,,1863,unmapped,23,610
cg15154199,1664,,,,1864,unmapped,23,611
cg17042037,1665,,,,1865,unmapped,23,612
cg11623677,1668,,,,1866,unmapped,23,613
cg12249291,1669,,,,1867,unmapped,23,614
cg09141610,1670,,,,1868,unmapped,23,615
cg26402811,1671,,,,1869,unmapped,23,616
cg12363133,1676,,,,1870,unmapped,23,617
cg05306860,1678,,,,1871,unmapped,23,618
cg00890002,1684,,,,1872,unmapped,23,619
cg22127007,1686,,,,1873,unmapped,23,620
cg23351597,1688,,,,1874,unmapped,23,621
cg14388433,1689,,,,1875,unmapped,23,622
cg01051195,1690,,,,1876,unmapped,23,623
cg10653060,1700,,,,1877,unmapped,23,624
cg02159926,1704,,,,1878,unmapped,23,625
cg12900972,1705,,,,1879,unmapped,23,626
cg03953989,1717,,,,1880,unmapped,23,627
cg15009037,1718,,,,1881,unmapped,23,628
cg09624120,1719,,,,1882,unmapped,23,629
cg26674054,1720,,,,1883,unmapped,23,630
cg13552155,1721,,,,1884,unmapped,23,631
cg06476699,1722,,,,1885,unmapped,23,632
cg09519968,1724,,,,1886,unmapped,23,633
cg08193925,1727,,,,1887,unmapped,23,634
cg02093229,1731,,,,1888,unmapped,23,635
cg01045969,1735,,,,1889,unmapped,23,636
cg11094839,1746,,,,1890,unmapped,23,637
cg12313515,1748,,,,1891,unmapped,23,638
cg03141489,1749,,,,1892,unmapped,23,639
cg04651607,1752,,,,1893,unmapped,23,640
cg21534330,1756,,,,1894,unmapped,23,641
cg11313136,1761,,,,1895,unmapped,23,642
cg07252495,1763,,,,1896,unmapped,23,643
cg20983625,1764,,,,1897,unmapped,23,644
cg19019761,1765,,,,1898,unmapped,23,645
cg15046081,1768,,,,1899,unmapped,23,646
cg22277092,1770,,,,1900,unmapped,23,647
cg04806653,1772,,,,1901,unmapped,23,648
cg09496544,1773,,,,1902,unmapped,23,649
cg17746281,1774,,,,1903,unmapped,23,650
cg09501074,1775,,,,1904,unmapped,23,651
cg00836227,1777,,,,1905,unmapped,23,652
cg08443426,1778,,,,1906,unmapped,23,653
cg24561363,1779,,,,1907,unmapped,23,654
cg06146377,1780,,,,1908,unmapped,23,655
cg12478545,1782,,,,1909,unmapped,23,656
cg05642371,1784,,,,1910,unmapped,23,657
cg24274653,1786,,,,1911,unmapped,23,658
cg10476712,1798,,,,1912,unmapped,23,659
cg15916541,1799,,,,1913,unmapped,23,660
cg12704357,1801,,,,1914,unmapped,23,661
cg03673558,1802,,,,1915,unmapped,23,662
cg13287266,1803,,,,1916,unmapped,23,663
cg15859790,1805,,,,1917,unmapped,23,664
cg13456164,1806,,,,1918,unmapped,23,665
cg21370045,1807,,,,1919,unmapped,23,666
cg00639633,1809,,,,1920,unmapped,23,667
cg06069504,1810,,,,1921,unmapped,23,668
cg15389142,1819,,,,1922,unmapped,23,669
cg25181013,1820,,,,1923,unmapped,23,670
cg06382042,1821,,,,1924,unmapped,23,671
cg12762469,1826,,,,1925,unmapped,23,672
cg07352620,1828,,,,1926,unmapped,23,673
cg12921805,1830,,,,1927,unmapped,23,674
cg03983506,1831,,,,1928,unmapped,23,675
cg18843803,1833,,,,1929,unmapped,23,676
cg11976819,1839,,,,1930,unmapped,23,677
cg07350105,1843,,,,1931,unmapped,23,678
cg23822063,1844,,,,1932,unmapped,23,679
cg12892190,1846,,,,1933,unmapped,23,680
cg24592431,1848,,,,1934,unmapped,23,681
cg01659133,1852,,,,1935,unmapped,23,682
cg16477760,1854,,,,1936,unmapped,23,683
cg11395180,1857,,,,1937,unmapped,23,684
cg17232777,1858,,,,1938,unmapped,23,685
cg08915429,1864,,,,1939,unmapped,23,686
cg01317388,1866,,,,1940,unmapped,23,687
cg21549279,1869,,,,1941,unmapped,23,688
cg00686803,1871,,,,1942,unmapped,23,689
cg11352754,1877,,,,1943,unmapped,23,690
cg05677885,1878,,,,1944,unmapped,23,691
cg20846962,1881,,,,1945,unmapped,23,692
cg24870627,1885,,,,1946,unmapped,23,693
cg04165384,1886,,,,1947,unmapped,23,694
cg20911695,1888,,,,1948,unmapped,23,695
cg08597450,1890,,,,1949,unmapped,23,696
cg21166376,1891,,,,1950,unmapped,23,697
cg14500211,1894,,,,1951,unmapped,23,698
cg09062982,1898,,,,1952,unmapped,23,699
cg16373938,1899,,,,1953,unmapped,23,700
cg24408488,1901,,,,1954,unmapped,23,701
cg10700232,1902,,,,1955,unmapped,23,702
cg07629127,1904,,,,1956,unmapped,23,703
cg18777747,1906,,,,1957,unmapped,23,704
cg15403390,1907,,,,1958,unmapped,23,705
cg04354368,1908,,,,1959,unmapped,23,706
cg04064956,1909,,,,1960,unmapped,23,707
cg06198928,1910,,,,1961,unmapped,23,708
cg21316598,1912,,,,1962,unmapped,23,709
cg17918288,1914,,,,1963,unmapped,23,710
cg05879598,1919,,,,1964,unmapped,23,711
cg24486583,1920,,,,1965,unmapped,23,712
cg21159959,1922,,,,1966,unmapped,23,713
cg03171937,1923,,,,1967,unmapped,23,714
cg13571091,1927,,,,1968,unmapped,23,715
cg26998460,1928,,,,1969,unmapped,23,716
cg03684356,1930,,,,1970,unmapped,23,717
cg09255825,1932,,,,1971,unmapped,23,718
cg16811248,1933,,,,1972,unmapped,23,719
cg10923088,1934,,,,1973,unmapped,23,720
cg13459349,1937,,,,1974,unmapped,23,721
cg25040972,1941,,,,1975,unmapped,23,722
cg11183602,1942,,,,1976,unmapped,23,723
cg18513792,1943,,,,1977,unmapped,23,724
cg03564045,1945,,,,1978,unmapped,23,725
cg26030741,1946,,,,1979,unmapped,23,726
cg13155430,1949,,,,1980,unmapped,23,727
cg04399598,1952,,,,1981,unmapped,23,728
cg03650179,1956,,,,1982,unmapped,23,729
cg09398816,1957,,,,1983,unmapped,23,730
cg17417926,1959,,,,1984,unmapped,23,731
cg03766946,1960,,,,1985,unmapped,23,732
cg09598057,1965,,,,1986,unmapped,23,733
cg03838062,1966,,,,1987,unmapped,23,734
cg26946806,1976,,,,1988,unmapped,23,735
cg25580335,1978,,,,1989,unmapped,23,736
cg06516974,1979,,,,1990,unmapped,23,737
cg11114390,1980,,,,1991,unmapped,23,738
cg22581874,1981,,,,1992,unmapped,23,739
cg15097529,1982,,,,1993,unmapped,23,740
cg14401451,1985,,,,1994,unmapped,23,741
cg18475252,1986,,,,1995,unmapped,23,742
cg02750046,1987,,,,1996,unmapped,23,743
cg11969952,1995,,,,1997,unmapped,23,744
cg13256545,1996,,,,1998,unmapped,23,745
cg07570887,1997,,,,1999,unmapped,23,746
