cpg_id,original_index,CHR,MAPINFO,chr_order,genome_rank
cg08067365,0,1,948893.0,1.0,0
cg21288685,1,1,1109244.0,1.0,1
cg13897675,3,1,1374310.0,1.0,2
cg19639479,4,1,1374669.0,1.0,3
cg03116557,5,1,1375480.0,1.0,4
cg22865286,6,1,1850733.0,1.0,5
cg00653281,7,1,1991051.0,1.0,6
cg11155073,8,1,2147513.0,1.0,7
cg08471814,10,1,2446073.0,1.0,8
cg12050271,11,1,2980399.0,1.0,9
cg24667304,12,1,3550008.0,1.0,10
cg18564053,13,1,6303793.0,1.0,11
cg11135412,14,1,6637055.0,1.0,12
cg26360953,15,1,6784749.0,1.0,13
cg14164492,17,1,9439003.0,1.0,14
cg04162034,18,1,9710821.0,1.0,15
cg13457410,19,1,9762510.0,1.0,16
cg20413202,20,1,10056853.0,1.0,17
cg17944110,21,1,10856657.0,1.0,18
cg13686807,23,1,14343114.0,1.0,19
cg18219212,24,1,16162653.0,1.0,20
cg21601498,25,1,16678847.0,1.0,21
cg03772253,28,1,18884374.0,1.0,22
cg24517325,29,1,18884428.0,1.0,23
cg18560776,30,1,18884508.0,1.0,24
cg11806635,31,1,19181040.0,1.0,25
cg01961278,33,1,20986128.0,1.0,26
cg18438124,34,1,21996315.0,1.0,27
cg20335309,35,1,22899442.0,1.0,28
cg12717729,37,1,24071253.0,1.0,29
cg07291005,39,1,24126194.0,1.0,30
cg22857999,40,1,24127039.0,1.0,31
cg26352811,41,1,24306777.0,1.0,32
cg00117172,42,1,25255838.0,1.0,33
cg24991732,43,1,25594486.0,1.0,34
cg17739026,47,1,27114420.0,1.0,35
cg04354805,48,1,27152792.0,1.0,36
cg14887509,49,1,27816781.0,1.0,37
cg20227766,50,1,27998703.0,1.0,38
cg02772605,51,1,28912323.0,1.0,39
cg10312476,52,1,29780268.0,1.0,40
cg24996263,53,1,31297444.0,1.0,41
cg26876680,54,1,31409638.0,1.0,42
cg12206571,55,1,32052538.0,1.0,43
cg17945560,56,1,32052651.0,1.0,44
cg17339202,57,1,33160900.0,1.0,45
cg25745861,58,1,33369735.0,1.0,46
cg19165942,59,1,35222920.0,1.0,47
cg24940583,60,1,36020939.0,1.0,48
cg21679142,64,1,37723205.0,1.0,49
cg06626655,65,1,38099916.0,1.0,50
cg24088273,67,1,38592976.0,1.0,51
cg21848143,68,1,39269995.0,1.0,52
cg17514654,70,1,40368198.0,1.0,53
cg14498674,71,1,41707653.0,1.0,54
cg00367463,74,1,45249899.0,1.0,55
cg15896098,76,1,45966115.0,1.0,56
cg06687305,77,1,46088486.0,1.0,57
cg03335125,78,1,46088541.0,1.0,58
cg14220678,79,1,46089024.0,1.0,59
cg14407667,83,1,51985209.0,1.0,60
cg03947026,84,1,52832320.0,1.0,61
cg09128567,86,1,53387203.0,1.0,62
cg13168314,87,1,54051041.0,1.0,63
cg07173275,91,1,57890636.0,1.0,64
cg22525715,92,1,58190139.0,1.0,65
cg26254792,93,1,60280088.0,1.0,66
cg19368394,95,1,61843430.0,1.0,67
cg03705947,98,1,68152081.0,1.0,68
cg14178428,99,1,68849791.0,1.0,69
cg03220161,100,1,70671186.0,1.0,70
cg21906852,101,1,75198582.0,1.0,71
cg00121533,103,1,75199117.0,1.0,72
cg20707222,106,1,76540222.0,1.0,73
cg26363196,107,1,76540236.0,1.0,74
cg23243867,108,1,77334045.0,1.0,75
cg23441167,110,1,84971866.0,1.0,76
cg22618350,113,1,91487603.0,1.0,77
cg21584883,114,1,93645960.0,1.0,78
cg03142574,115,1,98386452.0,1.0,79
cg18194353,116,1,100315666.0,1.0,80
cg04365817,117,1,101491640.0,1.0,81
cg09183742,118,1,103572723.0,1.0,82
cg04574896,122,1,109247738.0,1.0,83
cg09152047,123,1,110282835.0,1.0,84
cg05622465,124,1,110613072.0,1.0,85
cg04892651,125,1,111006966.0,1.0,86
cg00321911,126,1,111669324.0,1.0,87
cg06125456,127,1,111750610.0,1.0,88
cg22957381,128,1,112532078.0,1.0,89
cg06802056,130,1,113933940.0,1.0,90
cg06644660,132,1,117317838.0,1.0,91
cg08846011,133,1,117318133.0,1.0,92
cg24635754,134,1,117318185.0,1.0,93
cg09313258,135,1,117318232.0,1.0,94
cg17868079,137,1,119502537.0,1.0,95
cg26022992,139,1,145507616.0,1.0,96
cg15978276,140,1,145575814.0,1.0,97
cg05959459,141,1,147752860.0,1.0,98
cg15642292,142,1,150253842.0,1.0,99
cg04546999,144,1,152956429.0,1.0,100
cg18163252,145,1,153748120.0,1.0,101
cg00006626,146,1,154127462.0,1.0,102
cg17167920,147,1,154127537.0,1.0,103
cg19263494,149,1,156181616.0,1.0,104
cg15070096,150,1,156470876.0,1.0,105
cg03892457,152,1,159157066.0,1.0,106
cg08901901,153,1,160951907.0,1.0,107
cg25844162,157,1,171454594.0,1.0,108
cg24688413,160,1,177898864.0,1.0,109
cg06871311,161,1,178062849.0,1.0,110
cg22860181,164,1,182922502.0,1.0,111
cg08913815,166,1,193028592.0,1.0,112
cg00891176,168,1,201082731.0,1.0,113
cg16993579,170,1,202311052.0,1.0,114
cg00805880,171,1,203045044.0,1.0,115
cg23371584,172,1,203275927.0,1.0,116
cg24602552,173,1,204654410.0,1.0,117
cg24441577,174,1,209738176.0,1.0,118
cg10382148,176,1,209954182.0,1.0,119
cg21604539,177,1,209957750.0,1.0,120
cg05062446,179,1,219347252.0,1.0,121
cg26332740,182,1,228196227.0,1.0,122
cg01195848,183,1,228466165.0,1.0,123
cg01328548,186,1,231297737.0,1.0,124
cg04096525,187,1,231356725.0,1.0,125
cg04158884,189,1,233086346.0,1.0,126
cg15203632,190,1,233763901.0,1.0,127
cg21930061,191,1,235321377.0,1.0,128
cg05046722,194,1,240855271.0,1.0,129
cg10335826,195,1,240989308.0,1.0,130
cg08109624,196,1,242220925.0,1.0,131
cg21382878,197,1,245847603.0,1.0,132
cg04617936,199,2,214353.0,2.0,133
cg03468349,200,2,264164.0,2.0,134
cg10902693,202,2,875509.0,2.0,135
cg03326215,203,2,2328391.0,2.0,136
cg20292653,205,2,5847374.0,2.0,137
cg11044724,206,2,7005733.0,2.0,138
cg21952484,207,2,8977389.0,2.0,139
cg15424233,208,2,9865477.0,2.0,140
cg06193988,210,2,10442521.0,2.0,141
cg02680566,212,2,19559792.0,2.0,142
cg24703400,214,2,21880071.0,2.0,143
cg10077706,215,2,23609231.0,2.0,144
cg03480346,217,2,24232603.0,2.0,145
cg19489797,220,2,25475140.0,2.0,146
cg00912598,221,2,25475287.0,2.0,147
cg02855981,222,2,26204237.0,2.0,148
cg20091297,226,2,37572423.0,2.0,149
cg01184449,228,2,42396170.0,2.0,150
cg05208381,229,2,45870771.0,2.0,151
cg11501862,230,2,46524365.0,2.0,152
cg24539668,231,2,47499521.0,2.0,153
cg11692772,232,2,48667747.0,2.0,154
cg02470697,233,2,48844916.0,2.0,155
cg08556541,234,2,54861563.0,2.0,156
cg18349258,235,2,55844203.0,2.0,157
cg12180123,237,2,60983194.0,2.0,158
cg00408964,238,2,64245679.0,2.0,159
cg13451280,240,2,68870812.0,2.0,160
cg01926706,242,2,70521984.0,2.0,161
cg03875632,247,2,74684566.0,2.0,162
cg06621027,250,2,80179759.0,2.0,163
cg00257047,251,2,88849457.0,2.0,164
cg17844035,253,2,96427173.0,2.0,165
cg03219514,256,2,98350753.0,2.0,166
cg26347089,257,2,98928689.0,2.0,167
cg02079111,260,2,105885981.0,2.0,168
cg01785449,261,2,105954330.0,2.0,169
cg26585007,263,2,112655072.0,2.0,170
cg13053817,266,2,113915312.0,2.0,171
cg15356320,270,2,127818000.0,2.0,172
cg11957777,271,2,128015142.0,2.0,173
cg05824768,272,2,128331478.0,2.0,174
cg18012383,273,2,130939151.0,2.0,175
cg10121518,274,2,131794483.0,2.0,176
cg19589919,276,2,135476701.0,2.0,177
cg07508773,285,2,160143020.0,2.0,178
cg16877087,287,2,161504834.0,2.0,179
cg04004632,289,2,162272604.0,2.0,180
cg18395675,290,2,168149401.0,2.0,181
cg04105250,293,2,171679114.0,2.0,182
cg13526756,294,2,175595575.0,2.0,183
cg18440474,295,2,175869653.0,2.0,184
cg14390568,299,2,187625485.0,2.0,185
cg00982548,302,2,198649783.0,2.0,186
cg10547527,304,2,198650123.0,2.0,187
cg01413546,305,2,200323768.0,2.0,188
cg10517317,306,2,208352906.0,2.0,189
cg26232945,307,2,208798601.0,2.0,190
cg13765685,309,2,218196152.0,2.0,191
cg20398120,310,2,219696690.0,2.0,192
cg21665557,312,2,220427342.0,2.0,193
cg07873848,314,2,223288635.0,2.0,194
cg16598292,315,2,223536291.0,2.0,195
cg00727310,316,2,227662704.0,2.0,196
cg19187155,321,2,232395269.0,2.0,197
cg06272010,322,2,233924801.0,2.0,198
cg18543018,324,2,236961065.0,2.0,199
cg16791143,326,2,239889357.0,2.0,200
cg17030841,327,2,240323363.0,2.0,201
cg07105412,328,2,241197370.0,2.0,202
cg03477904,330,2,242040840.0,2.0,203
cg13388615,332,2,242878809.0,2.0,204
cg03915645,333,3,9344441.0,3.0,205
cg25146976,334,3,9550667.0,3.0,206
cg22581219,337,3,12837996.0,3.0,207
cg04842790,338,3,13203290.0,3.0,208
cg18313416,339,3,13420961.0,3.0,209
cg11099600,341,3,14558454.0,3.0,210
cg17387903,342,3,24875040.0,3.0,211
cg27569887,344,3,30045896.0,3.0,212
cg01962018,347,3,39424819.0,3.0,213
cg09695948,348,3,39470478.0,3.0,214
cg25112848,349,3,39470521.0,3.0,215
cg23231268,354,3,46792462.0,3.0,216
cg00721062,355,3,46797928.0,3.0,217
cg17581925,356,3,46798240.0,3.0,218
cg04122858,357,3,46799010.0,3.0,219
cg21593952,358,3,46801208.0,3.0,220
cg00373275,359,3,46875226.0,3.0,221
cg04507495,360,3,47563649.0,3.0,222
cg16357930,361,3,48465206.0,3.0,223
cg24032752,362,3,50388670.0,3.0,224
cg24616795,366,3,53032891.0,3.0,225
cg26129759,368,3,53926056.0,3.0,226
cg18697348,369,3,53926080.0,3.0,227
cg00777555,373,3,57583074.0,3.0,228
cg19049316,374,3,61237063.0,3.0,229
cg05362669,375,3,61547285.0,3.0,230
cg03520983,376,3,61547287.0,3.0,231
cg10597192,377,3,64227700.0,3.0,232
cg09616536,378,3,64670013.0,3.0,233
cg17626022,379,3,64673914.0,3.0,234
cg13895544,380,3,66550922.0,3.0,235
cg02135728,386,3,97486613.0,3.0,236
cg24153548,387,3,100119764.0,3.0,237
cg06210969,389,3,120067732.0,3.0,238
cg14567877,392,3,123071300.0,3.0,239
cg15993383,393,3,123167507.0,3.0,240
cg00890840,394,3,123603455.0,3.0,241
cg09597785,399,3,126194459.0,3.0,242
cg17295957,401,3,127006803.0,3.0,243
cg02727530,403,3,128712175.0,3.0,244
cg20264543,404,3,128787213.0,3.0,245
cg16330550,407,3,137365844.0,3.0,246
cg00826921,408,3,143692146.0,3.0,247
cg06749174,411,3,170627029.0,3.0,248
cg16170237,412,3,171161784.0,3.0,249
cg08366277,414,3,172429092.0,3.0,250
cg16202598,415,3,179322434.0,3.0,251
cg10152627,416,3,182218332.0,3.0,252
cg21794419,418,3,182973032.0,3.0,253
cg00902763,419,3,183750690.0,3.0,254
cg16289175,420,3,183898788.0,3.0,255
cg07780856,421,3,183967543.0,3.0,256
cg25777212,422,3,184429389.0,3.0,257
cg22984571,423,3,186490656.0,3.0,258
cg00951972,424,3,186490777.0,3.0,259
cg17809494,425,3,188572244.0,3.0,260
cg15260248,426,3,189829092.0,3.0,261
cg27295197,427,3,193721047.0,3.0,262
cg06726099,429,3,195940674.0,3.0,263
cg18558476,431,3,197145694.0,3.0,264
cg26396290,432,3,197246837.0,3.0,265
cg16619777,433,4,503198.0,4.0,266
cg00462007,434,4,582634.0,4.0,267
cg14524897,435,4,890520.0,4.0,268
cg01802687,436,4,1320135.0,4.0,269
cg19621877,438,4,1393418.0,4.0,270
cg11174255,439,4,1513259.0,4.0,271
cg16262559,440,4,1535729.0,4.0,272
cg22112476,442,4,1714772.0,4.0,273
cg12503110,446,4,2760420.0,4.0,274
cg07857119,447,4,3643959.0,4.0,275
cg13105766,449,4,3881390.0,4.0,276
cg09866119,450,4,4291695.0,4.0,277
cg11857013,452,4,6596344.0,4.0,278
cg09058931,453,4,6611636.0,4.0,279
cg10281378,457,4,8651225.0,4.0,280
cg25106707,459,4,15341523.0,4.0,281
cg00588499,462,4,24227960.0,4.0,282
cg15650745,463,4,24274965.0,4.0,283
cg11099684,464,4,26402889.0,4.0,284
cg26865481,466,4,41206196.0,4.0,285
cg01254575,469,4,44451009.0,4.0,286
cg07266616,472,4,55093241.0,4.0,287
cg17286640,473,4,55991202.0,4.0,288
cg04026044,477,4,74452103.0,4.0,289
cg23973123,479,4,81207949.0,4.0,290
cg26363580,480,4,82393369.0,4.0,291
cg00658367,485,4,101732612.0,4.0,292
cg14129775,486,4,107957941.0,4.0,293
cg06981781,487,4,110842888.0,4.0,294
cg26147311,489,4,114748506.0,4.0,295
cg04264549,490,4,128543924.0,4.0,296
cg11149566,491,4,129260147.0,4.0,297
cg25428846,492,4,141107931.0,4.0,298
cg22850925,495,4,146743669.0,4.0,299
cg06214807,496,4,146858930.0,4.0,300
cg07275757,498,4,149189974.0,4.0,301
cg05926478,499,4,151174724.0,4.0,302
cg00217225,500,4,153213645.0,4.0,303
cg13198594,501,4,169239550.0,4.0,304
cg07410872,503,4,174451455.0,4.0,305
cg09593291,504,4,179734220.0,4.0,306
cg08448170,505,4,183769251.0,4.0,307
cg19136454,508,4,187404958.0,4.0,308
cg20421996,509,4,187499376.0,4.0,309
cg13340126,510,5,502034.0,5.0,310
cg07855874,511,5,965717.0,5.0,311
cg26054540,512,5,1009204.0,5.0,312
cg25388971,513,5,1085895.0,5.0,313
cg20779239,514,5,1156453.0,5.0,314
cg20471798,515,5,1405330.0,5.0,315
cg10420578,516,5,1430867.0,5.0,316
cg20742562,517,5,1800684.0,5.0,317
cg01987362,518,5,1827066.0,5.0,318
cg14970046,519,5,1880021.0,5.0,319
cg02005490,520,5,1959850.0,5.0,320
cg18699526,521,5,2132878.0,5.0,321
cg04492807,522,5,2225108.0,5.0,322
cg05523057,524,5,2668571.0,5.0,323
cg09203716,525,5,3536156.0,5.0,324
cg27048363,526,5,6348254.0,5.0,325
cg10502571,527,5,6572919.0,5.0,326
cg07391392,528,5,7826900.0,5.0,327
cg25484373,531,5,10250304.0,5.0,328
cg11410032,532,5,10972070.0,5.0,329
cg03872649,534,5,14012034.0,5.0,330
cg26267481,538,5,33440240.0,5.0,331
cg20820249,539,5,37379267.0,5.0,332
cg10938702,540,5,43039867.0,5.0,333
cg05551979,541,5,43040548.0,5.0,334
cg03723510,542,5,43040559.0,5.0,335
cg07136635,543,5,52096641.0,5.0,336
cg01768981,545,5,54529226.0,5.0,337
cg27568809,546,5,55291388.0,5.0,338
cg08500112,549,5,59086432.0,5.0,339
cg10909625,556,5,76370281.0,5.0,340
cg08821656,557,5,76373091.0,5.0,341
cg13632070,559,5,79552065.0,5.0,342
cg00235933,560,5,79865808.0,5.0,343
cg20414996,561,5,79865995.0,5.0,344
cg25342875,564,5,93076910.0,5.0,345
cg18420790,567,5,111093913.0,5.0,346
cg15165084,571,5,125759291.0,5.0,347
cg04280969,574,5,126626092.0,5.0,348
cg21138501,577,5,137800068.0,5.0,349
cg23382149,578,5,138155416.0,5.0,350
cg14677912,579,5,140019017.0,5.0,351
cg24131891,584,5,150036399.0,5.0,352
cg07261920,587,5,156885069.0,5.0,353
cg14658804,591,5,168728213.0,5.0,354
cg10473508,594,5,172068142.0,5.0,355
cg01776188,595,5,172664082.0,5.0,356
cg19466180,598,5,176170478.0,5.0,357
cg12888080,599,5,176289125.0,5.0,358
cg00483154,600,5,176943504.0,5.0,359
cg00524694,601,5,177387682.0,5.0,360
cg03127127,602,5,178053470.0,5.0,361
cg18652367,605,5,180017689.0,5.0,362
cg00514575,606,5,180231155.0,5.0,363
cg02352685,607,5,180377617.0,5.0,364
cg18665209,608,5,180397332.0,5.0,365
cg19850149,609,5,180397496.0,5.0,366
cg26181490,610,5,180634758.0,5.0,367
cg05920998,611,6,656504.0,6.0,368
cg08433110,612,6,1684468.0,6.0,369
cg05155977,614,6,3180625.0,6.0,370
cg25211525,615,6,3751739.0,6.0,371
cg10596692,620,6,10633457.0,6.0,372
cg15289427,627,6,24911001.0,6.0,373
cg15969227,630,6,26745279.0,6.0,374
cg03359964,631,6,27125955.0,6.0,375
cg16976310,632,6,27862785.0,6.0,376
cg19592336,633,6,28129416.0,6.0,377
cg00337181,634,6,28548673.0,6.0,378
cg21229184,635,6,28710807.0,6.0,379
cg27304020,636,6,28956327.0,6.0,380
cg22124493,638,6,29717032.0,6.0,381
cg09565472,639,6,29761075.0,6.0,382
cg10794086,640,6,30455964.0,6.0,383
cg04655699,641,6,30512550.0,6.0,384
cg06855286,643,6,31010597.0,6.0,385
cg18892128,644,6,31409575.0,6.0,386
cg21222743,645,6,31543545.0,6.0,387
cg04573510,646,6,31707458.0,6.0,388
cg01402832,647,6,31747269.0,6.0,389
cg15269027,648,6,31865759.0,6.0,390
cg01291920,649,6,31915077.0,6.0,391
cg04693787,651,6,31936702.0,6.0,392
cg25596754,652,6,32026610.0,6.0,393
cg23663129,653,6,32095201.0,6.0,394
cg11404906,654,6,32551749.0,6.0,395
cg17416722,655,6,32554385.0,6.0,396
cg16501436,656,6,32821039.0,6.0,397
cg02567488,657,6,32822565.0,6.0,398
cg08010331,659,6,33038032.0,6.0,399
cg09234582,660,6,33048286.0,6.0,400
cg02197634,661,6,33048875.0,6.0,401
cg10301967,662,6,33240022.0,6.0,402
cg22875823,663,6,33400543.0,6.0,403
cg00657095,666,6,35310123.0,6.0,404
cg09556447,667,6,36927100.0,6.0,405
cg04581728,670,6,38690157.0,6.0,406
cg24369185,672,6,41341601.0,6.0,407
cg08608836,676,6,46097392.0,6.0,408
cg18116815,677,6,46288667.0,6.0,409
cg27638713,678,6,52149159.0,6.0,410
cg06706183,679,6,53409856.0,6.0,411
cg15045441,680,6,72130432.0,6.0,412
cg11258043,682,6,73972820.0,6.0,413
cg21427300,684,6,74233399.0,6.0,414
cg07764171,687,6,83775765.0,6.0,415
cg05593336,689,6,85361633.0,6.0,416
cg08747277,691,6,96048126.0,6.0,417
cg27153155,692,6,100901804.0,6.0,418
cg18347442,693,6,106868843.0,6.0,419
cg23204345,696,6,108882184.0,6.0,420
cg09865955,697,6,108986763.0,6.0,421
cg25357155,698,6,111408765.0,6.0,422
cg20415643,699,6,117746850.0,6.0,423
cg02590856,700,6,117923645.0,6.0,424
cg16975695,701,6,122792759.0,6.0,425
cg10308749,703,6,126080335.0,6.0,426
cg23226631,705,6,135174920.0,6.0,427
cg12546582,706,6,136192107.0,6.0,428
cg11908557,708,6,143268469.0,6.0,429
cg15443174,709,6,146284796.0,6.0,430
cg26419712,712,6,149721376.0,6.0,431
cg00836641,713,6,149867939.0,6.0,432
cg03446012,718,6,151646601.0,6.0,433
cg18245460,719,6,151646651.0,6.0,434
cg12794224,720,6,151646761.0,6.0,435
cg25855249,721,6,151646817.0,6.0,436
cg06019170,722,6,151646957.0,6.0,437
cg10758676,724,6,158010406.0,6.0,438
cg12895760,725,6,159178966.0,6.0,439
cg15758783,728,6,160221183.0,6.0,440
cg26834192,730,6,161561031.0,6.0,441
cg09655876,731,6,161561066.0,6.0,442
cg11342941,732,6,161561121.0,6.0,443
cg17566334,733,6,163514605.0,6.0,444
cg07343445,734,6,163673130.0,6.0,445
cg22702351,735,6,163673239.0,6.0,446
cg12532095,737,6,166260964.0,6.0,447
cg12798411,739,6,167649384.0,6.0,448
cg14039230,740,6,168121534.0,6.0,449
cg16001811,741,6,168197177.0,6.0,450
cg23764533,743,6,168476759.0,6.0,451
cg14943135,744,6,168558115.0,6.0,452
cg26668906,746,6,169086272.0,6.0,453
cg21732383,747,6,169654692.0,6.0,454
cg12035402,748,6,170559277.0,6.0,455
cg02820566,749,7,187254.0,7.0,456
cg25980689,750,7,187339.0,7.0,457
cg26058731,751,7,569689.0,7.0,458
cg06348187,753,7,899806.0,7.0,459
cg24921614,754,7,919082.0,7.0,460
cg16404364,755,7,1006746.0,7.0,461
cg01794468,756,7,1123907.0,7.0,462
cg08472276,757,7,1133186.0,7.0,463
cg27376870,758,7,1581583.0,7.0,464
cg05279229,760,7,1896384.0,7.0,465
cg26881139,761,7,1913830.0,7.0,466
cg17551891,763,7,1960795.0,7.0,467
cg16476700,764,7,2069840.0,7.0,468
cg08465311,765,7,2135161.0,7.0,469
cg05095590,766,7,2139259.0,7.0,470
cg01827726,768,7,2673408.0,7.0,471
cg01572891,769,7,4184354.0,7.0,472
cg04526616,770,7,4757846.0,7.0,473
cg08265282,771,7,4825202.0,7.0,474
cg27657926,774,7,6193974.0,7.0,475
cg01242677,776,7,16439847.0,7.0,476
cg24885417,779,7,24323764.0,7.0,477
cg25884711,780,7,24323840.0,7.0,478
cg21097881,781,7,24323939.0,7.0,479
cg24245418,782,7,24324976.0,7.0,480
cg13931228,783,7,24612418.0,7.0,481
cg15575538,784,7,25894005.0,7.0,482
cg00288327,785,7,27135566.0,7.0,483
cg04073257,786,7,27190558.0,7.0,484
cg20994254,787,7,27227340.0,7.0,485
cg02194223,788,7,27285433.0,7.0,486
cg23274247,793,7,38358683.0,7.0,487
cg23002316,794,7,51698597.0,7.0,488
cg16668896,795,7,54900801.0,7.0,489
cg11187427,800,7,73082056.0,7.0,490
cg16742763,803,7,74489750.0,7.0,491
cg07588113,804,7,89874465.0,7.0,492
cg10780234,805,7,97823768.0,7.0,493
cg26687381,807,7,98602596.0,7.0,494
cg18153624,809,7,100425567.0,7.0,495
cg00623312,811,7,101630839.0,7.0,496
cg05755837,812,7,102937659.0,7.0,497
cg13032151,813,7,105650200.0,7.0,498
cg06593906,814,7,107026925.0,7.0,499
cg20959907,816,7,111368847.0,7.0,500
cg26130645,818,7,116502393.0,7.0,501
cg23390958,820,7,122262775.0,7.0,502
cg02929073,821,7,126892249.0,7.0,503
cg06903658,822,7,127532361.0,7.0,504
cg27488370,823,7,128046294.0,7.0,505
cg06785701,824,7,128765077.0,7.0,506
cg21449170,826,7,130419062.0,7.0,507
cg15227302,829,7,135195347.0,7.0,508
cg10276834,831,7,136575360.0,7.0,509
cg08245274,832,7,137531258.0,7.0,510
cg24007833,833,7,138459617.0,7.0,511
cg06776709,835,7,139021255.0,7.0,512
cg21200382,837,7,140103764.0,7.0,513
cg03770962,838,7,148477754.0,7.0,514
cg23018117,841,7,150413687.0,7.0,515
cg27573031,842,7,150554420.0,7.0,516
cg08142884,846,7,155369424.0,7.0,517
cg11868634,847,7,155797461.0,7.0,518
cg21531654,848,7,155834151.0,7.0,519
cg07691705,850,7,156802325.0,7.0,520
cg00024086,851,7,156814491.0,7.0,521
cg10249637,853,7,157655436.0,7.0,522
cg19584649,854,7,158607898.0,7.0,523
cg21480740,855,7,158819193.0,7.0,524
cg06563229,856,7,158886098.0,7.0,525
cg20916500,857,8,652685.0,8.0,526
cg26006558,858,8,1101542.0,8.0,527
cg19845127,859,8,1320565.0,8.0,528
cg14484973,861,8,1424626.0,8.0,529
cg20257821,862,8,1500400.0,8.0,530
cg12734820,863,8,1890640.0,8.0,531
cg01880541,864,8,2146870.0,8.0,532
cg12345456,867,8,9911630.0,8.0,533
cg23436576,869,8,11204132.0,8.0,534
cg21775007,870,8,11205619.0,8.0,535
cg07392449,871,8,11324666.0,8.0,536
cg23285059,874,8,12237780.0,8.0,537
cg10007777,875,8,20107758.0,8.0,538
cg18317494,876,8,22014496.0,8.0,539
cg09535960,877,8,23193704.0,8.0,540
cg11823496,878,8,23553798.0,8.0,541
cg22978087,880,8,24814126.0,8.0,542
cg24337010,882,8,27094082.0,8.0,543
cg06065245,883,8,27779151.0,8.0,544
cg24141036,884,8,38758705.0,8.0,545
cg00930833,886,8,41168264.0,8.0,546
cg23668222,888,8,41542092.0,8.0,547
cg23335916,890,8,42578842.0,8.0,548
cg03188390,891,8,43131535.0,8.0,549
cg13678428,892,8,47015868.0,8.0,550
cg06695800,893,8,47112438.0,8.0,551
cg18563812,897,8,53044888.0,8.0,552
cg10205753,898,8,54792627.0,8.0,553
cg02618555,899,8,57803480.0,8.0,554
cg10899904,902,8,74005557.0,8.0,555
cg26288159,903,8,74097733.0,8.0,556
cg02338142,906,8,82634603.0,8.0,557
cg09386971,907,8,82644505.0,8.0,558
cg23311531,909,8,94712629.0,8.0,559
cg20537987,911,8,97004219.0,8.0,560
cg05800758,913,8,101225800.0,8.0,561
cg11397370,914,8,102504479.0,8.0,562
cg08372619,918,8,109799518.0,8.0,563
cg06201372,919,8,124054732.0,8.0,564
cg11829072,920,8,125463024.0,8.0,565
cg26547947,921,8,125463066.0,8.0,566
cg05013438,922,8,125631251.0,8.0,567
cg23203918,924,8,128235836.0,8.0,568
cg17047106,925,8,131961479.0,8.0,569
cg09283750,926,8,139512083.0,8.0,570
cg16927379,929,8,140950075.0,8.0,571
cg06730756,933,8,142198993.0,8.0,572
cg06768944,934,8,142216276.0,8.0,573
cg22226804,935,8,142482939.0,8.0,574
cg26550068,936,8,142613273.0,8.0,575
cg11827514,937,8,143125722.0,8.0,576
cg05081514,938,8,143413129.0,8.0,577
cg14304364,939,8,143807962.0,8.0,578
cg10918419,940,8,143808262.0,8.0,579
cg01854491,942,8,144815021.0,8.0,580
cg04796498,944,8,145509700.0,8.0,581
cg23516001,945,8,145516219.0,8.0,582
cg24611631,948,9,4490288.0,9.0,583
cg18902978,950,9,6703949.0,9.0,584
cg01785060,955,9,14693082.0,9.0,585
cg13912480,960,9,34370820.0,9.0,586
cg13746854,961,9,34370894.0,9.0,587
cg01327147,962,9,34371380.0,9.0,588
cg14511376,963,9,35607900.0,9.0,589
cg04482597,964,9,37486041.0,9.0,590
cg14359492,966,9,73034056.0,9.0,591
cg14045486,967,9,78505662.0,9.0,592
cg11466908,970,9,94123704.0,9.0,593
cg06202984,972,9,98079903.0,9.0,594
cg13471365,977,9,100952835.0,9.0,595
cg14157578,979,9,110764967.0,9.0,596
cg14000687,981,9,111881604.0,9.0,597
cg01601476,982,9,112080848.0,9.0,598
cg14286378,983,9,112168786.0,9.0,599
cg13408027,984,9,116133216.0,9.0,600
cg14470803,989,9,122132379.0,9.0,601
cg13593689,992,9,129986794.0,9.0,602
cg14392066,993,9,130497359.0,9.0,603
cg19864487,996,9,131843183.0,9.0,604
cg21235108,998,9,132638251.0,9.0,605
cg14578355,1000,9,133711168.0,9.0,606
cg13422850,1002,9,135116388.0,9.0,607
cg13811879,1003,9,136556337.0,9.0,608
cg14335159,1005,9,137426436.0,9.0,609
cg13932122,1006,9,138192282.0,9.0,610
cg13780207,1008,9,138899186.0,9.0,611
cg06419959,1009,9,140354043.0,9.0,612
cg13425279,1010,9,140818325.0,9.0,613
cg23027329,1012,10,603950.0,10.0,614
cg11848113,1013,10,661159.0,10.0,615
cg13984756,1014,10,678263.0,10.0,616
cg22656048,1015,10,696356.0,10.0,617
cg12639192,1016,10,1166782.0,10.0,618
cg19012696,1017,10,1546821.0,10.0,619
cg07735920,1018,10,2815547.0,10.0,620
cg13454226,1020,10,3823758.0,10.0,621
cg05289897,1021,10,3904141.0,10.0,622
cg12506775,1022,10,5734571.0,10.0,623
cg03832371,1023,10,7290545.0,10.0,624
cg02353184,1024,10,7454561.0,10.0,625
cg25575628,1026,10,7709639.0,10.0,626
cg06022942,1027,10,8095484.0,10.0,627
cg11018337,1028,10,8095495.0,10.0,628
cg02939598,1030,10,11386395.0,10.0,629
cg03902201,1031,10,13425201.0,10.0,630
cg09610735,1035,10,22609918.0,10.0,631
cg07171687,1036,10,22843607.0,10.0,632
cg22273925,1037,10,23984977.0,10.0,633
cg05750029,1039,10,28965858.0,10.0,634
cg14970695,1040,10,29698447.0,10.0,635
cg03496709,1041,10,29698460.0,10.0,636
cg19109608,1042,10,29698462.0,10.0,637
cg04769618,1043,10,29698685.0,10.0,638
cg18868178,1044,10,31422673.0,10.0,639
cg03057072,1045,10,32186554.0,10.0,640
cg24714864,1047,10,42863550.0,10.0,641
cg02045451,1048,10,45939159.0,10.0,642
cg22641201,1050,10,60401105.0,10.0,643
cg25403283,1052,10,63629487.0,10.0,644
cg05393736,1053,10,64892616.0,10.0,645
cg27159792,1054,10,69524182.0,10.0,646
cg24922399,1055,10,70660701.0,10.0,647
cg01040533,1056,10,71339886.0,10.0,648
cg25392935,1057,10,75757809.0,10.0,649
cg04944931,1058,10,76996462.0,10.0,650
cg02271943,1059,10,76996533.0,10.0,651
cg05593559,1060,10,76998104.0,10.0,652
cg09095892,1068,10,91597207.0,10.0,653
cg22356726,1069,10,91597320.0,10.0,654
cg05906871,1073,10,97416826.0,10.0,655
cg14093363,1074,10,98479991.0,10.0,656
cg01435344,1075,10,99610084.0,10.0,657
cg05638929,1077,10,102508633.0,10.0,658
cg06518233,1078,10,102765350.0,10.0,659
cg17339543,1079,10,102772928.0,10.0,660
cg05889234,1080,10,102983065.0,10.0,661
cg03127722,1081,10,103051881.0,10.0,662
cg03511638,1082,10,104180870.0,10.0,663
cg14159304,1083,10,105212236.0,10.0,664
cg03446289,1084,10,106075560.0,10.0,665
cg27365978,1085,10,106093659.0,10.0,666
cg21872391,1087,10,112064057.0,10.0,667
cg12317601,1088,10,119301760.0,10.0,668
cg14791547,1091,10,124222263.0,10.0,669
cg12141457,1094,10,126182012.0,10.0,670
cg02524236,1095,10,128086694.0,10.0,671
cg14117562,1096,10,128843682.0,10.0,672
cg14015765,1101,10,132734310.0,10.0,673
cg08195412,1103,10,134372696.0,10.0,674
cg06473608,1104,10,134630642.0,10.0,675
cg05423768,1105,10,134692616.0,10.0,676
cg17352027,1106,10,134740495.0,10.0,677
cg16748269,1107,10,134897210.0,10.0,678
cg00228708,1108,10,135048062.0,10.0,679
cg24193242,1109,10,135096556.0,10.0,680
cg27417926,1110,10,135149648.0,10.0,681
cg14614314,1111,10,135150428.0,10.0,682
cg25868831,1112,11,368588.0,11.0,683
cg17682432,1113,11,368614.0,11.0,684
cg03935432,1114,11,416605.0,11.0,685
cg12366974,1117,11,977122.0,11.0,686
cg09906402,1118,11,1033236.0,11.0,687
cg15899112,1119,11,1228752.0,11.0,688
cg03318990,1120,11,2871644.0,11.0,689
cg05597766,1121,11,3013541.0,11.0,690
cg09255694,1124,11,4116198.0,11.0,691
cg03306641,1125,11,5645703.0,11.0,692
cg10208301,1126,11,6592745.0,11.0,693
cg01385795,1130,11,14913124.0,11.0,694
cg00457155,1131,11,18656868.0,11.0,695
cg09611599,1132,11,20382497.0,11.0,696
cg04319042,1133,11,23752001.0,11.0,697
cg08820369,1135,11,33643844.0,11.0,698
cg20234170,1137,11,34460107.0,11.0,699
cg22159421,1139,11,34460182.0,11.0,700
cg20731136,1140,11,34460298.0,11.0,701
cg07768201,1141,11,34460336.0,11.0,702
cg03720043,1142,11,34460351.0,11.0,703
cg02109652,1143,11,34460386.0,11.0,704
cg06908474,1144,11,34460516.0,11.0,705
cg01847719,1145,11,34460557.0,11.0,706
cg20143092,1146,11,35160330.0,11.0,707
cg15778012,1149,11,43601125.0,11.0,708
cg11928684,1152,11,47291227.0,11.0,709
cg16742756,1153,11,47574646.0,11.0,710
cg25072179,1154,11,57004934.0,11.0,711
cg12205564,1155,11,61355776.0,11.0,712
cg15814736,1157,11,63439115.0,11.0,713
cg13703584,1158,11,64059916.0,11.0,714
cg18383813,1159,11,64067793.0,11.0,715
cg02494703,1160,11,64659387.0,11.0,716
cg20138404,1161,11,64951798.0,11.0,717
cg22578610,1162,11,65336227.0,11.0,718
cg03042113,1164,11,65430511.0,11.0,719
cg10106407,1167,11,66234251.0,11.0,720
cg15762348,1168,11,66458829.0,11.0,721
cg15365888,1169,11,67136752.0,11.0,722
cg26800893,1170,11,67184596.0,11.0,723
cg23009355,1171,11,68451396.0,11.0,724
cg18168310,1172,11,68920771.0,11.0,725
cg00043379,1173,11,69634240.0,11.0,726
cg11157765,1174,11,69982996.0,11.0,727
cg04720713,1176,11,70963427.0,11.0,728
cg05240381,1177,11,71164349.0,11.0,729
cg20659378,1178,11,71639748.0,11.0,730
cg04143120,1180,11,72968848.0,11.0,731
cg07985931,1181,11,73112805.0,11.0,732
cg05789714,1182,11,74178462.0,11.0,733
cg03539623,1183,11,75294284.0,11.0,734
cg19901956,1184,11,77921274.0,11.0,735
cg15714223,1186,11,78402382.0,11.0,736
cg10030504,1187,11,78780700.0,11.0,737
cg19009664,1190,11,82783540.0,11.0,738
cg09610772,1191,11,86142407.0,11.0,739
cg18725375,1192,11,86142478.0,11.0,740
cg08881680,1197,11,94965469.0,11.0,741
cg15894431,1198,11,101981130.0,11.0,742
cg12477724,1200,11,110834258.0,11.0,743
cg09741912,1202,11,114921894.0,11.0,744
cg21644713,1204,11,118972867.0,11.0,745
cg12859211,1210,11,124735105.0,11.0,746
cg16143578,1212,11,124767801.0,11.0,747
cg09176023,1213,11,124791601.0,11.0,748
cg03887438,1216,11,132910642.0,11.0,749
cg22256309,1219,11,134176888.0,11.0,750
cg10700424,1220,11,134201952.0,11.0,751
cg10790526,1221,11,134250892.0,11.0,752
cg19551055,1222,11,134601111.0,11.0,753
cg25481491,1223,12,1904523.0,12.0,754
cg12871967,1224,12,3688664.0,12.0,755
cg14043509,1225,12,4141051.0,12.0,756
cg00838874,1227,12,5018338.0,12.0,757
cg03920169,1228,12,6677409.0,12.0,758
cg16637873,1229,12,6982822.0,12.0,759
cg01356703,1230,12,7262021.0,12.0,760
cg09651654,1231,12,7781431.0,12.0,761
cg04122601,1233,12,10826785.0,12.0,762
cg18232235,1235,12,11700321.0,12.0,763
cg03933279,1237,12,12849136.0,12.0,764
cg18803655,1238,12,12849748.0,12.0,765
cg23747342,1239,12,25539794.0,12.0,766
cg09257092,1240,12,26986805.0,12.0,767
cg19152518,1243,12,31743857.0,12.0,768
cg05478172,1244,12,47628981.0,12.0,769
cg24026388,1245,12,48099519.0,12.0,770
cg12707727,1246,12,49076300.0,12.0,771
cg10048986,1247,12,49631720.0,12.0,772
cg19119119,1248,12,49760396.0,12.0,773
cg08354685,1249,12,50185597.0,12.0,774
cg20113307,1250,12,51510124.0,12.0,775
cg05516489,1256,12,54359761.0,12.0,776
cg05412137,1257,12,54384744.0,12.0,777
cg01791737,1258,12,56321730.0,12.0,778
cg03249590,1259,12,57040199.0,12.0,779
cg06679265,1260,12,57040204.0,12.0,780
cg06092729,1261,12,64845451.0,12.0,781
cg03251079,1262,12,66218285.0,12.0,782
cg17547897,1264,12,77513620.0,12.0,783
cg17963193,1273,12,101188635.0,12.0,784
cg21049825,1274,12,102248833.0,12.0,785
cg16921310,1275,12,103351987.0,12.0,786
cg11342468,1276,12,103889784.0,12.0,787
cg09237846,1278,12,105114399.0,12.0,788
cg00701398,1280,12,105724818.0,12.0,789
cg22353823,1281,12,105860607.0,12.0,790
cg07730007,1283,12,107377277.0,12.0,791
cg05641885,1284,12,108306728.0,12.0,792
cg02022322,1285,12,109576193.0,12.0,793
cg15342134,1289,12,110025893.0,12.0,794
cg22719037,1290,12,111842896.0,12.0,795
cg16868784,1291,12,112447736.0,12.0,796
cg03417559,1293,12,113914536.0,12.0,797
cg23591463,1295,12,114851495.0,12.0,798
cg17030488,1297,12,115172748.0,12.0,799
cg11561462,1301,12,118813933.0,12.0,800
cg22189286,1302,12,119616193.0,12.0,801
cg04256697,1303,12,120688557.0,12.0,802
cg16620766,1305,12,122268197.0,12.0,803
cg01765077,1306,12,122356316.0,12.0,804
cg21171335,1307,12,122356390.0,12.0,805
cg21016266,1309,12,122356598.0,12.0,806
cg14078092,1311,12,123463530.0,12.0,807
cg19781462,1314,12,124744261.0,12.0,808
cg05395187,1315,12,124913717.0,12.0,809
cg00417147,1316,12,125578545.0,12.0,810
cg26128079,1319,12,127212416.0,12.0,811
cg16102024,1320,12,127218981.0,12.0,812
cg11755803,1321,12,129000542.0,12.0,813
cg11230248,1322,12,130060080.0,12.0,814
cg14968768,1323,12,130680527.0,12.0,815
cg14622549,1325,12,132549292.0,12.0,816
cg22161410,1326,12,132862024.0,12.0,817
cg02517686,1327,12,132900761.0,12.0,818
cg23152742,1328,12,132920884.0,12.0,819
cg14518355,1329,12,133016787.0,12.0,820
cg18617770,1330,12,133035939.0,12.0,821
cg25977879,1331,12,133085193.0,12.0,822
cg12699648,1333,13,24758155.0,13.0,823
cg02291365,1334,13,25317267.0,13.0,824
cg20636249,1335,13,26624039.0,13.0,825
cg00346326,1336,13,28394537.0,13.0,826
cg14365785,1339,13,30054440.0,13.0,827
cg19932177,1341,13,34392073.0,13.0,828
cg07525003,1342,13,36871646.0,13.0,829
cg26439710,1343,13,36871943.0,13.0,830
cg11678027,1344,13,36872048.0,13.0,831
cg19801062,1345,13,36872135.0,13.0,832
cg23003720,1346,13,36872148.0,13.0,833
cg06648759,1349,13,40892751.0,13.0,834
cg02552250,1353,13,49066868.0,13.0,835
cg15699243,1355,13,51381934.0,13.0,836
cg15468925,1357,13,60737583.0,13.0,837
cg24146100,1362,13,99737448.0,13.0,838
cg01205935,1363,13,99737585.0,13.0,839
cg16691989,1364,13,99852566.0,13.0,840
cg02735500,1367,13,101184577.0,13.0,841
cg07170932,1368,13,101774188.0,13.0,842
cg19202687,1369,13,107001759.0,13.0,843
cg03499905,1371,13,110832764.0,13.0,844
cg24283836,1372,13,111061780.0,13.0,845
cg07564233,1373,13,112172340.0,13.0,846
cg25233139,1374,13,112187396.0,13.0,847
cg02191228,1375,13,112547341.0,13.0,848
cg08528604,1376,13,112610282.0,13.0,849
cg11423130,1377,13,112630656.0,13.0,850
cg12444736,1378,13,112630712.0,13.0,851
cg10245273,1379,13,112725605.0,13.0,852
cg03482973,1380,13,112756120.0,13.0,853
cg21104040,1381,13,112856976.0,13.0,854
cg05629931,1384,13,113512709.0,13.0,855
cg02054232,1385,13,113585713.0,13.0,856
cg23192614,1386,13,113585804.0,13.0,857
cg21749794,1387,13,114876210.0,13.0,858
cg03210340,1388,14,21537527.0,14.0,859
cg14094999,1389,14,23299055.0,14.0,860
cg17003293,1394,14,36003826.0,14.0,861
cg04171065,1397,14,42075760.0,14.0,862
cg16537350,1398,14,50329699.0,14.0,863
cg05875844,1400,14,52119522.0,14.0,864
cg26249834,1401,14,52479816.0,14.0,865
cg08826251,1405,14,58332909.0,14.0,866
cg23318560,1406,14,64854531.0,14.0,867
cg22868346,1408,14,67826966.0,14.0,868
cg09388160,1411,14,68978814.0,14.0,869
cg20267521,1413,14,70655056.0,14.0,870
cg09636214,1414,14,73712491.0,14.0,871
cg14834903,1416,14,73712902.0,14.0,872
cg03510159,1417,14,75079312.0,14.0,873
cg08200546,1418,14,75441107.0,14.0,874
cg09945151,1419,14,75594005.0,14.0,875
cg04732303,1420,14,76848081.0,14.0,876
cg16460157,1422,14,77781561.0,14.0,877
cg09997119,1423,14,77890531.0,14.0,878
cg14520941,1424,14,77935699.0,14.0,879
cg21063480,1425,14,78082891.0,14.0,880
cg21228500,1426,14,78108468.0,14.0,881
cg13607316,1428,14,90421828.0,14.0,882
cg18607961,1430,14,91750825.0,14.0,883
cg22815785,1431,14,92303034.0,14.0,884
cg18397726,1432,14,93395464.0,14.0,885
cg06626359,1433,14,94173261.0,14.0,886
cg09320993,1436,14,95623691.0,14.0,887
cg13252030,1437,14,97208245.0,14.0,888
cg16062483,1439,14,98444417.0,14.0,889
cg11798182,1440,14,98444513.0,14.0,890
cg13185188,1443,14,100680334.0,14.0,891
cg02259047,1445,14,104175555.0,14.0,892
cg09926907,1446,14,104669834.0,14.0,893
cg12789068,1447,14,105255251.0,14.0,894
cg21490485,1448,14,105836096.0,14.0,895
cg24525828,1449,15,22833288.0,15.0,896
cg16639637,1450,15,22833308.0,15.0,897
cg07483245,1451,15,23034598.0,15.0,898
cg05626764,1454,15,26095764.0,15.0,899
cg10177518,1455,15,26480873.0,15.0,900
cg02912913,1456,15,27128279.0,15.0,901
cg09973791,1457,15,28015719.0,15.0,902
cg18456782,1458,15,28051715.0,15.0,903
cg08121164,1460,15,29404922.0,15.0,904
cg17140476,1464,15,40846280.0,15.0,905
cg09204108,1466,15,42211679.0,15.0,906
cg27132050,1468,15,45021149.0,15.0,907
cg03026420,1469,15,45315313.0,15.0,908
cg22296620,1470,15,45315419.0,15.0,909
cg26196700,1471,15,45315430.0,15.0,910
cg09092052,1472,15,45571596.0,15.0,911
cg16921702,1474,15,45571636.0,15.0,912
cg20112330,1475,15,55700431.0,15.0,913
cg20431565,1477,15,62684395.0,15.0,914
cg06604146,1478,15,64752635.0,15.0,915
cg01764954,1481,15,72476792.0,15.0,916
cg02760766,1482,15,72668543.0,15.0,917
cg09169335,1483,15,73659861.0,15.0,918
cg15038331,1484,15,74290466.0,15.0,919
cg05195566,1485,15,74465209.0,15.0,920
cg02319990,1486,15,75641529.0,15.0,921
cg02190897,1487,15,77460576.0,15.0,922
cg13341432,1490,15,81270714.0,15.0,923
cg25623774,1491,15,81706395.0,15.0,924
cg09180848,1494,15,83953780.0,15.0,925
cg22681495,1496,15,86058755.0,15.0,926
cg04339246,1498,15,89876433.0,15.0,927
cg08641118,1499,15,90030046.0,15.0,928
cg05239308,1502,15,90793056.0,15.0,929
cg00481725,1506,15,98648111.0,15.0,930
cg07945618,1508,15,99926398.0,15.0,931
cg06764665,1509,15,100835053.0,15.0,932
cg09969830,1510,16,103646.0,16.0,933
cg11653271,1511,16,103723.0,16.0,934
cg09937849,1512,16,318717.0,16.0,935
cg03991300,1513,16,672283.0,16.0,936
cg07192961,1514,16,672468.0,16.0,937
cg02459859,1515,16,787266.0,16.0,938
cg00624589,1517,16,1094742.0,16.0,939
cg07221298,1518,16,1170843.0,16.0,940
cg05335492,1519,16,1195646.0,16.0,941
cg01617990,1520,16,1245967.0,16.0,942
cg27107150,1521,16,1272275.0,16.0,943
cg07957690,1522,16,1402745.0,16.0,944
cg00833562,1529,16,2501147.0,16.0,945
cg02512202,1530,16,2653250.0,16.0,946
cg03314158,1531,16,2653280.0,16.0,947
cg01124843,1532,16,2653626.0,16.0,948
cg06733736,1534,16,3661771.0,16.0,949
cg08051625,1535,16,3791081.0,16.0,950
cg16660394,1542,16,19089709.0,16.0,951
cg04863568,1550,16,28936502.0,16.0,952
cg00843885,1551,16,29985458.0,16.0,953
cg03771456,1552,16,30453862.0,16.0,954
cg07842593,1553,16,30457166.0,16.0,955
cg00431324,1554,16,30672051.0,16.0,956
cg07762474,1556,16,30832385.0,16.0,957
cg05984244,1558,16,31488238.0,16.0,958
cg04060128,1559,16,31488852.0,16.0,959
cg03160726,1560,16,47492286.0,16.0,960
cg04672837,1562,16,48644449.0,16.0,961
cg12585429,1563,16,49889252.0,16.0,962
cg08394412,1564,16,50875140.0,16.0,963
cg04294437,1565,16,50875204.0,16.0,964
cg05766489,1566,16,50875307.0,16.0,965
cg09920228,1567,16,50875496.0,16.0,966
cg03494692,1569,16,51498587.0,16.0,967
cg02111433,1572,16,53947953.0,16.0,968
cg09772792,1573,16,55366021.0,16.0,969
cg00348762,1574,16,56228114.0,16.0,970
cg05581701,1575,16,56666323.0,16.0,971
cg05859533,1576,16,57727230.0,16.0,972
cg05622686,1578,16,58501611.0,16.0,973
cg21335942,1579,16,58549945.0,16.0,974
cg11140307,1580,16,66730384.0,16.0,975
cg02801598,1582,16,66914223.0,16.0,976
cg10185775,1583,16,66981693.0,16.0,977
cg08692100,1585,16,67143780.0,16.0,978
cg09756419,1588,16,67918680.0,16.0,979
cg01043196,1589,16,68362223.0,16.0,980
cg08641155,1592,16,70469236.0,16.0,981
cg05306472,1594,16,73517129.0,16.0,982
cg27662674,1596,16,75589561.0,16.0,983
cg05933037,1599,16,81223254.0,16.0,984
cg07179770,1605,16,84681994.0,16.0,985
cg05632908,1606,16,84880339.0,16.0,986
cg06744117,1609,16,85496711.0,16.0,987
cg18238236,1611,16,86320980.0,16.0,988
cg24728281,1612,16,86411456.0,16.0,989
cg05076697,1613,16,86808826.0,16.0,990
cg16478012,1614,16,87425779.0,16.0,991
cg02474032,1615,16,87678659.0,16.0,992
cg07544223,1616,16,87965360.0,16.0,993
cg03190944,1617,16,88388231.0,16.0,994
cg06980586,1618,16,88473102.0,16.0,995
cg09058991,1619,16,88698872.0,16.0,996
cg00974579,1621,16,88990188.0,16.0,997
cg04753738,1622,16,89160056.0,16.0,998
cg07984980,1623,16,89898383.0,16.0,999
cg15295273,1624,17,132231.0,17.0,1000
cg22697034,1626,17,1123634.0,17.0,1001
cg22656126,1627,17,1637206.0,17.0,1002
cg04005701,1628,17,1733641.0,17.0,1003
cg02340576,1629,17,1933726.0,17.0,1004
cg03244036,1630,17,1958034.0,17.0,1005
cg18051461,1631,17,1958073.0,17.0,1006
cg06580745,1632,17,4692790.0,17.0,1007
cg17125699,1635,17,5972281.0,17.0,1008
cg05940703,1636,17,6947032.0,17.0,1009
cg13759852,1638,17,8056985.0,17.0,1010
cg24037243,1639,17,8534057.0,17.0,1011
cg03963689,1641,17,17739407.0,17.0,1012
cg06292146,1643,17,19840295.0,17.0,1013
cg10478435,1644,17,21280288.0,17.0,1014
cg07564598,1645,17,25619946.0,17.0,1015
cg21437722,1646,17,27083271.0,17.0,1016
cg06234624,1647,17,27181559.0,17.0,1017
cg01831904,1649,17,28903510.0,17.0,1018
cg08994789,1650,17,28903642.0,17.0,1019
cg10490745,1651,17,29876386.0,17.0,1020
cg07660838,1652,17,32909375.0,17.0,1021
cg18411103,1653,17,33700255.0,17.0,1022
cg06350203,1654,17,34062219.0,17.0,1023
cg00930890,1656,17,34948097.0,17.0,1024
cg26668490,1657,17,35291021.0,17.0,1025
cg00574563,1658,17,35299270.0,17.0,1026
cg27200190,1659,17,35766714.0,17.0,1027
cg25401140,1662,17,37558857.0,17.0,1028
cg04267400,1663,17,37754160.0,17.0,1029
cg12413918,1664,17,37855819.0,17.0,1030
cg12027761,1665,17,38279750.0,17.0,1031
cg12280065,1670,17,40687885.0,17.0,1032
cg07954659,1672,17,40950815.0,17.0,1033
cg25538602,1673,17,43299180.0,17.0,1034
cg17101843,1674,17,44919554.0,17.0,1035
cg14263884,1676,17,46048822.0,17.0,1036
cg21766188,1677,17,46573805.0,17.0,1037
cg25173971,1682,17,48796996.0,17.0,1038
cg11804965,1686,17,54219579.0,17.0,1039
cg05021798,1687,17,54670228.0,17.0,1040
cg13358773,1688,17,55037264.0,17.0,1041
cg03222323,1689,17,59534903.0,17.0,1042
cg03438490,1690,17,61515010.0,17.0,1043
cg20536841,1691,17,65027292.0,17.0,1044
cg01036409,1692,17,66597372.0,17.0,1045
cg01218494,1694,17,71160864.0,17.0,1046
cg06563943,1695,17,71188271.0,17.0,1047
cg22121495,1696,17,71420061.0,17.0,1048
cg01571491,1697,17,72440050.0,17.0,1049
cg12536809,1698,17,72852514.0,17.0,1050
cg27346982,1700,17,74209081.0,17.0,1051
cg18324467,1701,17,74237002.0,17.0,1052
cg23676734,1704,17,76491989.0,17.0,1053
cg12031740,1705,17,76936927.0,17.0,1054
cg17582411,1706,17,77458542.0,17.0,1055
cg25532627,1707,17,77997833.0,17.0,1056
cg23197939,1708,17,78039368.0,17.0,1057
cg11329058,1710,17,78549358.0,17.0,1058
cg03573861,1711,17,79368669.0,17.0,1059
cg18717167,1712,17,80266962.0,17.0,1060
cg02605237,1714,17,80887041.0,17.0,1061
cg03691418,1715,17,80962847.0,17.0,1062
cg15158376,1716,18,712731.0,18.0,1063
cg26147554,1717,18,712733.0,18.0,1064
cg00955482,1718,18,712737.0,18.0,1065
cg11773720,1719,18,905180.0,18.0,1066
cg05760402,1724,18,20139913.0,18.0,1067
cg26725274,1726,18,29265487.0,18.0,1068
cg16061099,1727,18,34831179.0,18.0,1069
cg02570531,1733,18,46479155.0,18.0,1070
cg24771804,1734,18,55107755.0,18.0,1071
cg13518992,1735,18,55109119.0,18.0,1072
cg23518678,1736,18,56889748.0,18.0,1073
cg07111678,1738,18,60987770.0,18.0,1074
cg22217793,1741,18,76683160.0,18.0,1075
cg20513080,1743,18,77215345.0,18.0,1076
cg13590055,1745,18,77917647.0,18.0,1077
cg21237861,1746,18,77918142.0,18.0,1078
cg23281729,1747,18,78005477.0,18.0,1079
cg04607160,1748,19,488565.0,19.0,1080
cg14740952,1749,19,489669.0,19.0,1081
cg08403345,1750,19,496425.0,19.0,1082
cg07413547,1751,19,919351.0,19.0,1083
cg13761375,1752,19,1065184.0,19.0,1084
cg24783234,1753,19,1104508.0,19.0,1085
cg13647706,1754,19,1567517.0,19.0,1086
cg23033430,1755,19,1847834.0,19.0,1087
cg08138366,1756,19,2217980.0,19.0,1088
cg22621913,1757,19,2352414.0,19.0,1089
cg18610079,1758,19,2430457.0,19.0,1090
cg23295181,1759,19,2790716.0,19.0,1091
cg03063057,1760,19,3110400.0,19.0,1092
cg19839382,1762,19,5036857.0,19.0,1093
cg18550517,1764,19,6821671.0,19.0,1094
cg02196619,1765,19,7505090.0,19.0,1095
cg08676534,1766,19,9731681.0,19.0,1096
cg19235955,1767,19,9731901.0,19.0,1097
cg09668689,1768,19,9785295.0,19.0,1098
cg10755961,1769,19,9785647.0,19.0,1099
cg24874111,1770,19,9785727.0,19.0,1100
cg14073063,1771,19,9785906.0,19.0,1101
cg20154743,1773,19,9786077.0,19.0,1102
cg06549128,1774,19,10047328.0,19.0,1103
cg14536784,1775,19,10542623.0,19.0,1104
cg16521633,1778,19,11142255.0,19.0,1105
cg25424659,1779,19,11450592.0,19.0,1106
cg24836833,1781,19,12662709.0,19.0,1107
cg03232342,1783,19,13828356.0,19.0,1108
cg25945273,1785,19,14692863.0,19.0,1109
cg10590400,1786,19,15530032.0,19.0,1110
cg05256688,1787,19,15547851.0,19.0,1111
cg26823353,1790,19,17379035.0,19.0,1112
cg01328269,1792,19,17759324.0,19.0,1113
cg16049699,1793,19,17800285.0,19.0,1114
cg11085762,1794,19,17942317.0,19.0,1115
cg03272225,1795,19,17957106.0,19.0,1116
cg08162780,1796,19,18497064.0,19.0,1117
cg01380346,1797,19,18557039.0,19.0,1118
cg09314196,1798,19,22816508.0,19.0,1119
cg13563193,1799,19,33072644.0,19.0,1120
cg07258998,1800,19,33167980.0,19.0,1121
cg18823272,1801,19,34111733.0,19.0,1122
cg23495820,1802,19,35715624.0,19.0,1123
cg10697843,1804,19,36236150.0,19.0,1124
cg02452418,1807,19,39056126.0,19.0,1125
cg21911861,1808,19,39832561.0,19.0,1126
cg22494492,1809,19,39936032.0,19.0,1127
cg15407819,1811,19,41062024.0,19.0,1128
cg06670612,1813,19,42082485.0,19.0,1129
cg14242928,1815,19,42811017.0,19.0,1130
cg08835342,1816,19,42811090.0,19.0,1131
cg11905651,1817,19,44008615.0,19.0,1132
cg17121205,1818,19,44009353.0,19.0,1133
cg00843105,1819,19,44645597.0,19.0,1134
cg05012825,1821,19,45147078.0,19.0,1135
cg18788725,1822,19,45512122.0,19.0,1136
cg16041550,1824,19,47633739.0,19.0,1137
cg17932394,1825,19,48866706.0,19.0,1138
cg11637076,1826,19,49575188.0,19.0,1139
cg03564727,1827,19,49577206.0,19.0,1140
cg10714492,1831,19,51321395.0,19.0,1141
cg26832639,1832,19,51457480.0,19.0,1142
cg01226447,1834,19,51870714.0,19.0,1143
cg12586262,1836,19,53606654.0,19.0,1144
cg03120115,1837,19,53657749.0,19.0,1145
cg25564733,1838,19,54043979.0,19.0,1146
cg03298305,1841,19,55972791.0,19.0,1147
cg19744614,1843,19,56321115.0,19.0,1148
cg09183598,1846,19,57679015.0,19.0,1149
cg17972708,1847,19,57874796.0,19.0,1150
cg10705236,1848,19,57901745.0,19.0,1151
cg01464707,1849,19,58153662.0,19.0,1152
cg18315638,1850,19,58458572.0,19.0,1153
cg13678479,1852,19,59093272.0,19.0,1154
cg03932398,1854,20,1206703.0,20.0,1155
cg12233487,1855,20,2517085.0,20.0,1156
cg07323055,1856,20,3140559.0,20.0,1157
cg04592353,1857,20,3209092.0,20.0,1158
cg11366015,1859,20,3748106.0,20.0,1159
cg09201264,1860,20,3748382.0,20.0,1160
cg11366886,1862,20,11666805.0,20.0,1161
cg11932837,1863,20,16553912.0,20.0,1162
cg09742751,1864,20,16553921.0,20.0,1163
cg03014957,1866,20,29956062.0,20.0,1164
cg22548015,1868,20,30539544.0,20.0,1165
cg15115510,1870,20,33872603.0,20.0,1166
cg20648272,1873,20,35068341.0,20.0,1167
cg26429905,1874,20,35917924.0,20.0,1168
cg04588969,1876,20,36767986.0,20.0,1169
cg09113613,1878,20,37101903.0,20.0,1170
cg03356734,1879,20,37230413.0,20.0,1171
cg27461254,1880,20,39135472.0,20.0,1172
cg23060191,1881,20,39666765.0,20.0,1173
cg00853742,1882,20,39990972.0,20.0,1174
cg22589504,1885,20,42790265.0,20.0,1175
cg25799864,1886,20,42875721.0,20.0,1176
cg17664577,1890,20,44642114.0,20.0,1177
cg11841529,1891,20,44746751.0,20.0,1178
cg19200140,1892,20,44800668.0,20.0,1179
cg21798815,1895,20,46414765.0,20.0,1180
cg01825986,1897,20,47804552.0,20.0,1181
cg21251385,1900,20,52277050.0,20.0,1182
cg13008301,1901,20,54978749.0,20.0,1183
cg25438683,1905,20,57428473.0,20.0,1184
cg00938743,1906,20,58179246.0,20.0,1185
cg01868762,1909,20,60581773.0,20.0,1186
cg17246810,1912,20,61197067.0,20.0,1187
cg13162609,1913,20,61288203.0,20.0,1188
cg09327276,1916,20,61973283.0,20.0,1189
cg11601519,1920,21,15451242.0,21.0,1190
cg13125364,1921,21,27543351.0,21.0,1191
cg01962969,1926,21,37442104.0,21.0,1192
cg27307781,1929,21,37442289.0,21.0,1193
cg16719517,1930,21,37442385.0,21.0,1194
cg00734483,1931,21,42539961.0,21.0,1195
cg00397324,1932,21,42798594.0,21.0,1196
cg22730042,1935,21,44528293.0,21.0,1197
cg12466405,1938,21,45402485.0,21.0,1198
cg12501220,1939,21,45972595.0,21.0,1199
cg06438815,1940,21,46292710.0,21.0,1200
cg23662138,1941,21,46495607.0,21.0,1201
cg01521449,1942,21,47855049.0,21.0,1202
cg14372753,1944,22,18064176.0,22.0,1203
cg02610425,1947,22,18483192.0,22.0,1204
cg14785220,1948,22,19010129.0,22.0,1205
cg08088989,1952,22,22874447.0,22.0,1206
cg09052401,1955,22,24105444.0,22.0,1207
cg10756887,1956,22,24105692.0,22.0,1208
cg05091724,1957,22,24256157.0,22.0,1209
cg00278028,1961,22,28196834.0,22.0,1210
cg03167954,1963,22,29707782.0,22.0,1211
cg09429583,1965,22,30987606.0,22.0,1212
cg01546248,1966,22,31477006.0,22.0,1213
cg24403968,1971,22,36877706.0,22.0,1214
cg25756470,1972,22,37256947.0,22.0,1215
cg17809471,1973,22,37882605.0,22.0,1216
cg14090487,1974,22,38003190.0,22.0,1217
cg14316339,1975,22,38520900.0,22.0,1218
cg23704627,1976,22,39152758.0,22.0,1219
cg18746774,1978,22,39352197.0,22.0,1220
cg20194595,1979,22,39640441.0,22.0,1221
cg05705094,1980,22,39930804.0,22.0,1222
cg00500400,1982,22,41487283.0,22.0,1223
cg17401067,1983,22,41840292.0,22.0,1224
cg08909806,1984,22,43548696.0,22.0,1225
cg20014942,1993,22,48977448.0,22.0,1226
cg22416021,1995,22,50177941.0,22.0,1227
cg18093120,1997,22,50523955.0,22.0,1228
cg24713529,1998,22,50965126.0,22.0,1229
cg13092901,1999,22,50965373.0,22.0,1230
cg10664344,2,,,,1231
cg25678956,9,,,,1232
cg09034971,16,,,,1233
cg15758826,22,,,,1234
cg05971903,26,,,,1235
cg00432255,27,,,,1236
cg13537679,32,,,,1237
cg04801097,36,,,,1238
cg07418714,38,,,,1239
cg25951697,44,,,,1240
cg14188831,45,,,,1241
cg15741663,46,,,,1242
cg07474211,61,,,,1243
cg22066241,62,,,,1244
cg04191437,63,,,,1245
cg04408387,66,,,,1246
cg14666600,69,,,,1247
cg11853822,72,,,,1248
cg22049114,73,,,,1249
cg17140737,75,,,,1250
cg15951892,80,,,,1251
cg26228614,81,,,,1252
cg00247530,82,,,,1253
cg23528448,85,,,,1254
cg03586630,88,,,,1255
cg10650142,89,,,,1256
cg08186021,90,,,,1257
cg02814457,94,,,,1258
cg12983110,96,,,,1259
cg20707567,97,,,,1260
cg13528603,102,,,,1261
cg26457504,104,,,,1262
cg09200014,105,,,,1263
cg21840844,109,,,,1264
cg01084368,111,,,,1265
cg10208539,112,,,,1266
cg21722691,119,,,,1267
cg22499135,120,,,,1268
cg21953332,121,,,,1269
cg06026449,129,,,,1270
cg03792429,131,,,,1271
cg04492152,136,,,,1272
cg25988912,138,,,,1273
cg00399754,143,,,,1274
cg03980662,148,,,,1275
cg04227950,151,,,,1276
cg25878822,154,,,,1277
cg12582262,155,,,,1278
cg06029068,156,,,,1279
cg18372633,158,,,,1280
cg14620343,159,,,,1281
cg22449918,162,,,,1282
cg10454048,163,,,,1283
cg25736592,165,,,,1284
cg08021679,167,,,,1285
cg17069416,169,,,,1286
cg03195100,175,,,,1287
cg13033202,178,,,,1288
cg21735063,180,,,,1289
cg16424195,181,,,,1290
cg04666759,184,,,,1291
cg10458276,185,,,,1292
cg18466312,188,,,,1293
cg08265627,192,,,,1294
cg10343985,193,,,,1295
cg08117235,198,,,,1296
cg12431599,201,,,,1297
cg11330191,204,,,,1298
cg11813389,209,,,,1299
cg00072722,211,,,,1300
cg08722290,213,,,,1301
cg18458775,216,,,,1302
cg27278739,218,,,,1303
cg05045144,219,,,,1304
cg01571981,223,,,,1305
cg20901245,224,,,,1306
cg05451400,225,,,,1307
cg01051240,227,,,,1308
cg19857501,236,,,,1309
cg13391176,239,,,,1310
cg25592763,241,,,,1311
cg19897855,243,,,,1312
cg02533491,244,,,,1313
cg27183962,245,,,,1314
cg17268628,246,,,,1315
cg13963601,248,,,,1316
cg17133105,249,,,,1317
cg22963910,252,,,,1318
cg12211827,254,,,,1319
cg11604268,255,,,,1320
cg00234944,258,,,,1321
cg04160389,259,,,,1322
cg12918445,262,,,,1323
cg19099405,264,,,,1324
cg19120943,265,,,,1325
cg09964194,267,,,,1326
cg25477891,268,,,,1327
cg13404577,269,,,,1328
cg01534464,275,,,,1329
cg07366047,277,,,,1330
cg16561226,278,,,,1331
cg09462438,279,,,,1332
cg19865873,280,,,,1333
cg14956176,281,,,,1334
cg15297943,282,,,,1335
cg10911952,283,,,,1336
cg13920856,284,,,,1337
cg10699296,286,,,,1338
cg23987493,288,,,,1339
cg14650041,291,,,,1340
cg03002271,292,,,,1341
cg14504532,296,,,,1342
cg15839532,297,,,,1343
cg15441518,298,,,,1344
cg12995897,300,,,,1345
cg02958908,301,,,,1346
cg06077337,303,,,,1347
cg18017733,308,,,,1348
cg06520290,311,,,,1349
cg21022003,313,,,,1350
cg08172212,317,,,,1351
cg08077178,318,,,,1352
cg26072390,319,,,,1353
cg17656532,320,,,,1354
cg18695277,323,,,,1355
cg08712267,325,,,,1356
cg16696513,329,,,,1357
cg26856451,331,,,,1358
cg12529270,335,,,,1359
cg25929204,336,,,,1360
cg05136981,340,,,,1361
cg25820914,343,,,,1362
cg19192956,345,,,,1363
cg18363721,346,,,,1364
cg27037929,350,,,,1365
cg26403498,351,,,,1366
cg14242213,352,,,,1367
cg06072914,353,,,,1368
cg07826424,363,,,,1369
cg05985374,364,,,,1370
cg10772425,365,,,,1371
cg09642468,367,,,,1372
cg09258990,370,,,,1373
cg24680991,371,,,,1374
cg14298807,372,,,,1375
cg03170896,381,,,,1376
cg17602210,382,,,,1377
cg16776945,383,,,,1378
cg14167312,384,,,,1379
cg25081347,385,,,,1380
cg00561831,388,,,,1381
cg00039649,390,,,,1382
cg27643201,391,,,,1383
cg20807374,395,,,,1384
cg13854555,396,,,,1385
cg15449188,397,,,,1386
cg21003441,398,,,,1387
cg04498286,400,,,,1388
cg25169492,402,,,,1389
cg26423470,405,,,,1390
cg08630465,406,,,,1391
cg05631794,409,,,,1392
cg06547910,410,,,,1393
cg12685894,413,,,,1394
cg17159621,417,,,,1395
cg16328225,428,,,,1396
cg11585288,430,,,,1397
cg03236122,437,,,,1398
cg10675865,441,,,,1399
cg05057870,443,,,,1400
cg01632238,444,,,,1401
cg26757027,445,,,,1402
cg10813948,448,,,,1403
cg02002005,451,,,,1404
cg15621916,454,,,,1405
cg24555805,455,,,,1406
cg08777158,456,,,,1407
cg18853669,458,,,,1408
cg18959327,460,,,,1409
cg24160354,461,,,,1410
cg26953669,465,,,,1411
cg10462576,467,,,,1412
cg17280671,468,,,,1413
cg04066968,470,,,,1414
cg09817455,471,,,,1415
cg23856452,474,,,,1416
cg25445555,475,,,,1417
cg11385067,476,,,,1418
cg06571982,478,,,,1419
cg27601131,481,,,,1420
cg09841649,482,,,,1421
cg10794981,483,,,,1422
cg20079523,484,,,,1423
cg18608157,488,,,,1424
cg14849022,493,,,,1425
cg24926041,494,,,,1426
cg04291190,497,,,,1427
cg05554956,502,,,,1428
cg10452448,506,,,,1429
cg10309005,507,,,,1430
cg23815988,523,,,,1431
cg16259985,529,,,,1432
cg26509530,530,,,,1433
cg22988572,533,,,,1434
cg08163246,535,,,,1435
cg19139858,536,,,,1436
cg19330204,537,,,,1437
cg07829225,544,,,,1438
cg23018481,547,,,,1439
cg17174546,548,,,,1440
cg22152616,550,,,,1441
cg16831491,551,,,,1442
cg13093129,552,,,,1443
cg11604110,553,,,,1444
cg03166253,554,,,,1445
cg15034065,555,,,,1446
cg09605533,558,,,,1447
cg17158445,562,,,,1448
cg14307944,563,,,,1449
cg03073264,565,,,,1450
cg03903701,566,,,,1451
cg01368669,568,,,,1452
cg21422923,569,,,,1453
cg04420336,570,,,,1454
cg22818506,572,,,,1455
cg20799941,573,,,,1456
cg06151559,575,,,,1457
cg02051583,576,,,,1458
cg07928938,580,,,,1459
cg14621978,581,,,,1460
cg13764763,582,,,,1461
cg18059362,583,,,,1462
cg25004725,585,,,,1463
cg24934858,586,,,,1464
cg09832582,588,,,,1465
cg01540844,589,,,,1466
cg07633256,590,,,,1467
cg22509636,592,,,,1468
cg08025156,593,,,,1469
cg03489221,596,,,,1470
cg18309343,597,,,,1471
cg20260921,603,,,,1472
cg13930727,604,,,,1473
cg05753089,613,,,,1474
cg24439049,616,,,,1475
cg27488126,617,,,,1476
cg06390459,618,,,,1477
cg04497719,619,,,,1478
cg06528862,621,,,,1479
cg16027420,622,,,,1480
cg02079903,623,,,,1481
cg20492262,624,,,,1482
cg01592949,625,,,,1483
cg17099484,626,,,,1484
cg17879791,628,,,,1485
cg18253058,629,,,,1486
cg25705309,637,,,,1487
cg18730733,642,,,,1488
cg12787226,650,,,,1489
cg12962429,658,,,,1490
cg17037674,664,,,,1491
cg12245904,665,,,,1492
cg08344803,668,,,,1493
cg04760071,669,,,,1494
cg13980232,671,,,,1495
cg06784165,673,,,,1496
cg14313178,674,,,,1497
cg18980063,675,,,,1498
cg03225671,681,,,,1499
cg02009260,683,,,,1500
cg05143088,685,,,,1501
cg03641064,686,,,,1502
cg05747115,688,,,,1503
cg14381335,690,,,,1504
cg16202336,694,,,,1505
cg20366327,695,,,,1506
cg21837663,702,,,,1507
cg15018838,704,,,,1508
cg10842801,707,,,,1509
cg14854431,710,,,,1510
cg14964245,711,,,,1511
cg22092780,714,,,,1512
cg19514045,715,,,,1513
cg22479180,716,,,,1514
cg19173006,717,,,,1515
cg21373890,723,,,,1516
cg16044277,726,,,,1517
cg19478288,727,,,,1518
cg21323120,729,,,,1519
cg08527290,736,,,,1520
cg11301365,738,,,,1521
cg09187944,742,,,,1522
cg08733582,745,,,,1523
cg06055764,752,,,,1524
cg08824155,759,,,,1525
cg15617775,762,,,,1526
cg20076627,767,,,,1527
cg13009011,772,,,,1528
cg01866814,773,,,,1529
cg05296343,775,,,,1530
cg19913815,777,,,,1531
cg03690068,778,,,,1532
cg16109766,789,,,,1533
cg09523859,790,,,,1534
cg08813447,791,,,,1535
cg14346587,792,,,,1536
cg20072927,796,,,,1537
cg11744031,797,,,,1538
cg08500337,798,,,,1539
cg10148923,799,,,,1540
cg04941054,801,,,,1541
cg11041734,802,,,,1542
cg09139418,806,,,,1543
cg04706801,808,,,,1544
cg05642382,810,,,,1545
cg15963484,815,,,,1546
cg10494894,817,,,,1547
cg05866017,819,,,,1548
cg17691428,825,,,,1549
cg27279745,827,,,,1550
cg21827144,828,,,,1551
cg08769368,830,,,,1552
cg05372301,834,,,,1553
cg01466163,836,,,,1554
cg18602649,839,,,,1555
cg13699570,840,,,,1556
cg09721693,843,,,,1557
cg11317887,844,,,,1558
cg24297189,845,,,,1559
cg17267866,849,,,,1560
cg01033336,852,,,,1561
cg13754978,860,,,,1562
cg04201910,865,,,,1563
cg20438142,866,,,,1564
cg09332295,868,,,,1565
cg04048557,872,,,,1566
cg04211737,873,,,,1567
cg06007030,879,,,,1568
cg12594929,881,,,,1569
cg09833224,885,,,,1570
cg09232650,887,,,,1571
cg15655027,889,,,,1572
cg17969938,894,,,,1573
cg00657763,895,,,,1574
cg20899978,896,,,,1575
cg09164377,900,,,,1576
cg26276314,901,,,,1577
cg08397925,904,,,,1578
cg22325778,905,,,,1579
cg12018751,908,,,,1580
cg01283218,910,,,,1581
cg19333493,912,,,,1582
cg17020454,915,,,,1583
cg02794568,916,,,,1584
cg13078412,917,,,,1585
cg02604758,923,,,,1586
cg19519375,927,,,,1587
cg06874250,928,,,,1588
cg17016295,930,,,,1589
cg20791674,931,,,,1590
cg18525001,932,,,,1591
cg20597540,941,,,,1592
cg14141451,943,,,,1593
cg14019393,946,,,,1594
cg04478861,947,,,,1595
cg13720163,949,,,,1596
cg26457023,951,,,,1597
cg20613350,952,,,,1598
cg03745598,953,,,,1599
cg08725325,954,,,,1600
cg18110914,956,,,,1601
cg19233179,957,,,,1602
cg17068812,958,,,,1603
cg03662139,959,,,,1604
cg17574185,965,,,,1605
cg03763620,968,,,,1606
cg24489697,969,,,,1607
cg06265451,971,,,,1608
cg03249723,973,,,,1609
cg16617524,974,,,,1610
cg22265115,975,,,,1611
cg06367454,976,,,,1612
cg11789328,978,,,,1613
cg09081693,980,,,,1614
cg06462481,985,,,,1615
cg09992948,986,,,,1616
cg23382043,987,,,,1617
cg18013847,988,,,,1618
cg27237356,990,,,,1619
cg09866910,991,,,,1620
cg23893582,994,,,,1621
cg18470927,995,,,,1622
cg10043679,997,,,,1623
cg25024976,999,,,,1624
cg24319774,1001,,,,1625
cg04237284,1004,,,,1626
cg04304696,1007,,,,1627
cg15590213,1011,,,,1628
cg21050539,1019,,,,1629
cg18065464,1025,,,,1630
cg26260531,1029,,,,1631
cg25253080,1032,,,,1632
cg01580926,1033,,,,1633
cg00998484,1034,,,,1634
cg08286428,1038,,,,1635
cg13516624,1046,,,,1636
cg00798646,1049,,,,1637
cg18016034,1051,,,,1638
cg19243021,1061,,,,1639
cg02612904,1062,,,,1640
cg01021283,1063,,,,1641
cg21003497,1064,,,,1642
cg19058209,1065,,,,1643
cg13346355,1066,,,,1644
cg17426098,1067,,,,1645
cg24759263,1070,,,,1646
cg05599883,1071,,,,1647
cg06520727,1072,,,,1648
cg09172043,1076,,,,1649
cg21196958,1086,,,,1650
cg02517755,1089,,,,1651
cg18383835,1090,,,,1652
cg25277346,1092,,,,1653
cg01922937,1093,,,,1654
cg09354484,1097,,,,1655
cg22315933,1098,,,,1656
cg05253021,1099,,,,1657
cg09401014,1100,,,,1658
cg04491458,1102,,,,1659
cg01196161,1115,,,,1660
cg16882609,1116,,,,1661
cg21990556,1122,,,,1662
cg02372334,1123,,,,1663
cg19238536,1127,,,,1664
cg05459051,1128,,,,1665
cg08423767,1129,,,,1666
cg06860724,1134,,,,1667
cg03905800,1136,,,,1668
cg02564456,1138,,,,1669
cg16003659,1147,,,,1670
cg21384443,1148,,,,1671
cg18840491,1150,,,,1672
cg19922356,1151,,,,1673
cg17783117,1156,,,,1674
cg11054023,1163,,,,1675
cg26246022,1165,,,,1676
cg16381660,1166,,,,1677
cg00369590,1175,,,,1678
cg09644779,1179,,,,1679
cg09204936,1185,,,,1680
cg23873932,1188,,,,1681
cg04221597,1189,,,,1682
cg24672790,1193,,,,1683
cg18958984,1194,,,,1684
cg03661789,1195,,,,1685
cg23843264,1196,,,,1686
cg01117148,1199,,,,1687
cg05297139,1201,,,,1688
cg00044968,1203,,,,1689
cg12045059,1205,,,,1690
cg24510194,1206,,,,1691
cg19665756,1207,,,,1692
cg23315685,1208,,,,1693
cg25236143,1209,,,,1694
cg24749138,1211,,,,1695
cg01301654,1214,,,,1696
cg05476733,1215,,,,1697
cg19220555,1217,,,,1698
cg03352780,1218,,,,1699
cg06409334,1226,,,,1700
cg17358562,1232,,,,1701
cg00301370,1234,,,,1702
cg08679171,1236,,,,1703
cg18106397,1241,,,,1704
cg05413866,1242,,,,1705
cg09110196,1251,,,,1706
cg21242123,1252,,,,1707
cg16328925,1253,,,,1708
cg04348509,1254,,,,1709
cg03494428,1255,,,,1710
cg13222851,1263,,,,1711
cg13088086,1265,,,,1712
cg21342300,1266,,,,1713
cg04940204,1267,,,,1714
cg21964889,1268,,,,1715
cg25507371,1269,,,,1716
cg22751097,1270,,,,1717
cg09930753,1271,,,,1718
cg20868848,1272,,,,1719
cg05742588,1277,,,,1720
cg25540525,1279,,,,1721
cg02417523,1282,,,,1722
cg22633245,1286,,,,1723
cg11017464,1287,,,,1724
cg09223485,1288,,,,1725
cg08314252,1292,,,,1726
cg26713825,1294,,,,1727
cg12984178,1296,,,,1728
cg10754730,1298,,,,1729
cg00533178,1299,,,,1730
cg19306952,1300,,,,1731
cg06401768,1304,,,,1732
cg11867697,1308,,,,1733
cg26078139,1310,,,,1734
cg18652371,1312,,,,1735
cg21902846,1313,,,,1736
cg19870403,1317,,,,1737
cg05720154,1318,,,,1738
cg12500040,1324,,,,1739
cg04069420,1332,,,,1740
cg24146047,1337,,,,1741
cg20428837,1338,,,,1742
cg07542337,1340,,,,1743
cg12242986,1347,,,,1744
cg11763522,1348,,,,1745
cg11304899,1350,,,,1746
cg02321536,1351,,,,1747
cg24910532,1352,,,,1748
cg08646663,1354,,,,1749
cg18441206,1356,,,,1750
cg00384018,1358,,,,1751
cg20686866,1359,,,,1752
cg18058957,1360,,,,1753
cg05304538,1361,,,,1754
cg17597343,1365,,,,1755
cg01425218,1366,,,,1756
cg05077079,1370,,,,1757
cg21921950,1382,,,,1758
cg08089224,1383,,,,1759
cg12476061,1390,,,,1760
cg16714503,1391,,,,1761
cg00652039,1392,,,,1762
cg27558753,1393,,,,1763
cg26080286,1395,,,,1764
cg22202600,1396,,,,1765
cg24870471,1399,,,,1766
cg04232793,1402,,,,1767
cg13538554,1403,,,,1768
cg13080734,1404,,,,1769
cg25174728,1407,,,,1770
cg12961555,1409,,,,1771
cg17857781,1410,,,,1772
cg13008629,1412,,,,1773
cg19535649,1415,,,,1774
cg09798673,1421,,,,1775
cg06138214,1427,,,,1776
cg07042467,1429,,,,1777
cg15890206,1434,,,,1778
cg26691449,1435,,,,1779
cg13426399,1438,,,,1780
cg25767629,1441,,,,1781
cg04385484,1442,,,,1782
cg05226776,1444,,,,1783
cg22978831,1452,,,,1784
cg19945303,1453,,,,1785
cg09139353,1459,,,,1786
cg04978360,1461,,,,1787
cg17249177,1462,,,,1788
cg25426584,1463,,,,1789
cg17777493,1465,,,,1790
cg08006697,1467,,,,1791
cg17252077,1473,,,,1792
cg01761763,1476,,,,1793
cg11149240,1479,,,,1794
cg11654794,1480,,,,1795
cg21248347,1488,,,,1796
cg16270431,1489,,,,1797
cg04420599,1492,,,,1798
cg27111704,1493,,,,1799
cg26056693,1495,,,,1800
cg00425944,1497,,,,1801
cg03622617,1500,,,,1802
cg12953771,1501,,,,1803
cg06433660,1503,,,,1804
cg11226932,1504,,,,1805
cg08329499,1505,,,,1806
cg13258348,1507,,,,1807
cg09379737,1516,,,,1808
cg14524725,1523,,,,1809
cg23008112,1524,,,,1810
cg04492836,1525,,,,1811
cg00919468,1526,,,,1812
cg03013237,1527,,,,1813
cg16068823,1528,,,,1814
cg24044616,1533,,,,1815
cg02520613,1536,,,,1816
cg24555000,1537,,,,1817
cg07165454,1538,,,,1818
cg16034795,1539,,,,1819
cg17757115,1540,,,,1820
cg15026343,1541,,,,1821
cg18837576,1543,,,,1822
cg12704718,1544,,,,1823
cg19655864,1545,,,,1824
cg13658902,1546,,,,1825
cg04919223,1547,,,,1826
cg13588301,1548,,,,1827
cg24143068,1549,,,,1828
cg13211609,1555,,,,1829
cg04209787,1557,,,,1830
cg24502588,1561,,,,1831
cg09160156,1568,,,,1832
cg05772329,1570,,,,1833
cg05587801,1571,,,,1834
cg13055338,1577,,,,1835
cg05301965,1581,,,,1836
cg13973666,1584,,,,1837
cg16113721,1586,,,,1838
cg11546179,1587,,,,1839
cg21843128,1590,,,,1840
cg19038894,1591,,,,1841
cg03513942,1593,,,,1842
cg09607589,1595,,,,1843
cg26693584,1597,,,,1844
cg10656654,1598,,,,1845
cg07976263,1600,,,,1846
cg06704432,1601,,,,1847
cg09809545,1602,,,,1848
cg16387865,1603,,,,1849
cg15618495,1604,,,,1850
cg19690193,1607,,,,1851
cg20844060,1608,,,,1852
cg08884980,1610,,,,1853
cg08941871,1620,,,,1854
cg02604315,1625,,,,1855
cg26402811,1633,,,,1856
cg16274802,1634,,,,1857
cg02935134,1637,,,,1858
cg22825527,1640,,,,1859
cg05306860,1642,,,,1860
cg10873486,1648,,,,1861
cg07477401,1655,,,,1862
cg16043820,1660,,,,1863
cg13828437,1661,,,,1864
cg26403285,1666,,,,1865
cg08596655,1667,,,,1866
cg26498546,1668,,,,1867
cg15953070,1669,,,,1868
cg10653060,1671,,,,1869
cg06453056,1675,,,,1870
cg15891582,1678,,,,1871
cg01221645,1679,,,,1872
cg09127493,1680,,,,1873
cg13368941,1681,,,,1874
cg00301531,1683,,,,1875
cg08663613,1684,,,,1876
cg14279493,1685,,,,1877
cg12598894,1693,,,,1878
cg01045969,1699,,,,1879
cg13295244,1702,,,,1880
cg05214124,1703,,,,1881
cg15119961,1709,,,,1882
cg02036521,1713,,,,1883
cg02904247,1720,,,,1884
cg05898193,1721,,,,1885
cg08900913,1722,,,,1886
cg04127823,1723,,,,1887
cg24725889,1725,,,,1888
cg04806653,1728,,,,1889
cg23423419,1729,,,,1890
cg10258940,1730,,,,1891
cg23672990,1731,,,,1892
cg03516016,1732,,,,1893
cg03318900,1737,,,,1894
cg24903540,1739,,,,1895
cg23123359,1740,,,,1896
cg18695619,1742,,,,1897
cg02427109,1744,,,,1898
cg06088571,1761,,,,1899
cg23022034,1763,,,,1900
cg22391421,1772,,,,1901
cg19338567,1776,,,,1902
cg27026994,1777,,,,1903
cg20993581,1780,,,,1904
cg25146369,1782,,,,1905
cg07430505,1784,,,,1906
cg14962296,1788,,,,1907
cg25945293,1789,,,,1908
cg00677360,1791,,,,1909
cg20552635,1803,,,,1910
cg06891627,1805,,,,1911
cg20491470,1806,,,,1912
cg21534206,1810,,,,1913
cg10207219,1812,,,,1914
cg01937065,1814,,,,1915
cg02043676,1820,,,,1916
cg09122838,1823,,,,1917
cg00686803,1828,,,,1918
cg06481825,1829,,,,1919
cg16550154,1830,,,,1920
cg08533092,1833,,,,1921
cg14171621,1835,,,,1922
cg11112223,1839,,,,1923
cg03071580,1840,,,,1924
cg06828077,1842,,,,1925
cg16007231,1844,,,,1926
cg08490751,1845,,,,1927
cg15097480,1851,,,,1928
cg03297418,1853,,,,1929
cg24589102,1858,,,,1930
cg15665304,1861,,,,1931
cg16373938,1865,,,,1932
cg14276366,1867,,,,1933
cg02297152,1869,,,,1934
cg04439006,1871,,,,1935
cg11227068,1872,,,,1936
cg09185295,1875,,,,1937
cg21969990,1877,,,,1938
cg15651445,1883,,,,1939
cg06198928,1884,,,,1940
cg14272219,1887,,,,1941
cg25621215,1888,,,,1942
cg10679261,1889,,,,1943
cg07400029,1893,,,,1944
cg27408649,1894,,,,1945
cg27562777,1896,,,,1946
cg11784819,1898,,,,1947
cg01894844,1899,,,,1948
cg12628375,1902,,,,1949
cg06060560,1903,,,,1950
cg05630996,1904,,,,1951
cg02976561,1907,,,,1952
cg24796010,1908,,,,1953
cg05156458,1910,,,,1954
cg19464140,1911,,,,1955
cg20997165,1914,,,,1956
cg14998184,1915,,,,1957
cg10801073,1917,,,,1958
cg15271387,1918,,,,1959
cg05829976,1919,,,,1960
cg15720617,1922,,,,1961
cg17120782,1923,,,,1962
cg12080266,1924,,,,1963
cg12449246,1925,,,,1964
cg01787644,1927,,,,1965
cg26030741,1928,,,,1966
cg17873912,1933,,,,1967
cg12550172,1934,,,,1968
cg11988872,1936,,,,1969
cg16253235,1937,,,,1970
cg26999561,1943,,,,1971
cg19042767,1945,,,,1972
cg07462845,1946,,,,1973
cg04904300,1949,,,,1974
cg24679936,1950,,,,1975
cg01874880,1951,,,,1976
cg19855378,1953,,,,1977
cg17150749,1954,,,,1978
cg21927508,1958,,,,1979
cg26625146,1959,,,,1980
cg05909081,1960,,,,1981
cg02588499,1962,,,,1982
cg08673490,1964,,,,1983
cg05061590,1967,,,,1984
cg24879530,1968,,,,1985
cg17692087,1969,,,,1986
cg09642847,1970,,,,1987
cg02188667,1977,,,,1988
cg18650027,1981,,,,1989
cg21428324,1985,,,,1990
cg21147238,1986,,,,1991
cg23599455,1987,,,,1992
cg26398489,1988,,,,1993
cg16101171,1989,,,,1994
cg20666940,1990,,,,1995
cg03203801,1991,,,,1996
cg23705082,1992,,,,1997
cg07570887,1994,,,,1998
cg02440512,1996,,,,1999
